1170921,1600,5.01,5.01,5.01,5.01
1170922,1600,5.02,5.02,5.02,5.02
1170925,1600,5.043,5.045,5.043,5.0538
1170926,1600,5.0575,5.0575,5.0575,5.0388
1170927,1600,4.9745,4.9745,4.9745,4.9745
1170928,1600,4.9435,4.9435,4.9435,4.9435
1170929,1600,4.962,4.962,4.962,4.962
1171002,1600,4.9685,4.9685,4.9685,4.9685
1171003,1600,4.9555,4.9555,4.9555,4.9555
1171004,1600,4.942,4.942,4.942,4.942
1171005,1600,4.936,4.936,4.936,4.936
1171006,1600,4.9395,4.9395,4.9395,4.9395
1171009,1600,4.9345,4.9345,4.9345,4.9345
1171010,1600,4.9685,4.9685,4.9685,4.9685
1171011,1600,4.966,4.966,4.966,4.966
1171012,1600,4.9575,4.9575,4.9575,4.9575
1171013,1600,5.0033,5.0033,5.0033,5.0033
1171016,1600,5.0087,5.0087,5.0087,5.0087
1171017,1600,5.02,5.02,5.02,5.0163
1171018,1600,4.977,4.977,4.977,4.977
1171019,1600,5.0025,5.0025,5.0025,5.0113
1171020,1600,4.9365,4.9365,4.9365,4.933
1171023,1600,4.953,4.953,4.9495,4.954
1171024,1600,4.913,4.913,4.913,4.913
1171025,1600,4.888,4.888,4.8849,4.885
1171026,1600,4.884,4.884,4.884,4.884
1171027,1600,4.9035,4.9035,4.9035,4.9035
1171030,1600,4.9385,4.9385,4.9385,4.9385
1171031,1600,4.954,4.954,4.954,4.954
1171101,1600,4.986,4.986,4.986,4.986
1171102,1600,4.988,4.988,4.988,4.988
1171103,1600,5.0125,5.0125,5.005,5.0025
1171106,1600,5.0188,5.0188,5.0188,5.0188
1171107,1600,5.0425,5.0425,5.0425,5.0425
1171108,1600,5.0475,5.0475,5.0475,5.0475
1171109,1600,5.01,5.01,5.01,5.01
1171110,1600,4.9555,4.9555,4.9555,4.9555
1171113,1600,4.964,4.964,4.964,4.964
1171114,1600,4.9875,4.9875,4.9875,4.9875
1171115,1600,5.03,5.03,5.03,5.0087
1171116,1600,5.0275,5.0275,5.0275,5.0275
1171117,1600,5.0075,5.0075,5.0075,5.0312
1171120,1600,5.0312,5.0312,5.0312,5.0312
1171121,1600,5.045,5.045,5.045,5.045
1171122,1600,5.035,5.035,5.035,5.055
1171123,1600,5.06,5.0675,5.06,5.0662
1171124,1600,5.05,5.05,5.05,5.0475
1171127,1600,5.0475,5.07,5.04,5.0487
1171128,1600,5.0487,5.0487,5.0487,5.0487
1171129,1600,5.0375,5.0375,5.0375,4.99
1171130,1600,4.986,4.986,4.986,4.986
1171201,1600,5.0325,5.0475,5.0325,5.0837
1171204,1600,5.035,5.035,5.035,5.035
1171205,1600,5.0575,5.0575,5.0575,5.0575
1171206,1600,5.0325,5.0475,5.0325,5.1
1171207,1600,5.1,5.1,5.1,5.0975
1171208,1600,5.1,5.1,5.1,5.0425
1171211,1600,5.0425,5.0425,5.0425,5.0425
1171212,1600,5.0425,5.055,5.0225,5.0175
1171213,1600,5.05,5.07,5.05,5.0637
1171214,1600,5.0575,5.0575,5.0575,5.0525
1171215,1600,5.0675,5.0675,5.0675,5.07
1171218,1600,5.0875,5.0875,5.0725,5.0675
1171219,1600,5.0675,5.0675,5.0675,5.0675
1171220,1600,4.967,4.967,4.967,4.943
1171221,1600,4.935,4.935,4.935,4.948
1171222,1600,4.948,4.948,4.948,4.948
1171227,1600,4.983,4.983,4.975,5.02
1171228,1600,5.0125,5.0225,5.0125,5.03
1171229,1600,5.03,5.03,5.03,5.03
1180102,1600,5.03,5.03,5.03,5.03
1180103,1600,4.973,4.996,4.973,4.9965
1180104,1600,4.977,4.986,4.975,4.9915
1180105,1600,4.991,4.991,4.991,4.9775
1180108,1600,4.9775,4.9775,4.9775,4.9775
1180109,1600,4.926,4.926,4.926,4.9225
1180110,1600,4.903,4.903,4.861,4.875
1180111,1600,4.875,4.875,4.875,4.875
1180112,1600,4.875,4.875,4.875,4.875
1180115,1600,4.951,4.953,4.943,4.943
1180116,1600,4.966,4.968,4.96,4.9505
1180117,1600,4.964,4.969,4.963,4.9725
1180118,1600,4.935,4.936,4.919,4.9245
1180119,1600,4.876,4.895,4.876,4.891
1180122,1600,4.882,4.882,4.882,4.8985
1180123,1600,4.908,4.915,4.908,4.9105
1180124,1600,4.868,4.868,4.868,4.8655
1180125,1600,4.885,4.885,4.883,4.899
1180126,1600,4.908,4.918,4.896,4.893
1180129,1600,4.868,4.868,4.867,4.858
1180130,1600,4.837,4.837,4.837,4.8435
1180131,1600,4.872,4.872,4.852,4.842
1180201,1600,4.85,4.851,4.85,4.849
1180202,1600,4.79,4.794,4.759,4.7555
1180205,1600,4.7555,4.7555,4.7555,4.7555
1180206,1600,4.797,4.797,4.778,4.7845
1180207,1600,4.764,4.764,4.764,4.758
1180208,1600,4.712,4.712,4.682,4.7
1180209,1600,4.7,4.7,4.7,4.7
1180212,1600,4.7,4.7,4.7,4.7
1180213,1600,4.709,4.709,4.708,4.7025
1180214,1600,4.714,4.714,4.714,4.6885
1180215,1600,4.663,4.663,4.663,4.703
1180216,1600,4.729,4.729,4.729,4.7285
1180219,1600,4.708,4.708,4.705,4.701
1180220,1600,4.701,4.701,4.701,4.701
1180221,1600,4.701,4.701,4.701,4.701
1180222,1600,4.701,4.701,4.701,4.701
1180223,1600,4.666,4.666,4.666,4.6785
1180226,1600,4.698,4.698,4.698,4.696
1180227,1600,4.7,4.7,4.69,4.655
1180228,1600,4.655,4.655,4.655,4.655
1180301,1600,4.715,4.715,4.715,4.712
1180302,1600,4.7,4.7,4.7,4.6945
1180305,1600,4.6945,4.6945,4.6945,4.6945
1180306,1600,4.6945,4.6945,4.6945,4.6945
1180307,1600,4.6945,4.6945,4.6945,4.6945
1180308,1600,4.712,4.712,4.712,4.715
1180309,1600,4.673,4.679,4.673,4.6785
1180312,1600,4.6785,4.6785,4.6785,4.6785
1180313,1600,4.7,4.7,4.7,4.7225
1180314,1600,4.742,4.742,4.742,4.771
1180315,1600,4.771,4.771,4.771,4.771
1180316,1600,4.756,4.756,4.746,4.756
1180319,1600,4.756,4.756,4.756,4.756
1180320,1600,4.756,4.756,4.756,4.756
1180321,1600,4.756,4.756,4.756,4.756
1180322,1600,4.758,4.775,4.758,4.767
1180323,1600,4.759,4.759,4.754,4.754
1180326,1600,4.752,4.752,4.752,4.766
1180327,1600,4.749,4.749,4.747,4.7745
1180328,1600,4.8165,4.8165,4.8165,4.8165
1180329,1600,4.8165,4.8165,4.8165,4.8165
1180403,1600,4.8165,4.8165,4.8165,4.8165
1180404,1600,4.815,4.815,4.815,4.798
1180405,1600,4.753,4.77,4.753,4.7565
1180406,1600,4.7935,4.7935,4.7935,4.7935
1180409,1600,4.7935,4.7935,4.7935,4.7935
1180410,1600,4.7935,4.7935,4.7935,4.7935
1180411,1600,4.81,4.837,4.81,4.8275
1180412,1600,4.789,4.789,4.789,4.789
1180413,1600,4.791,4.791,4.791,4.7935
1180416,1600,4.769,4.769,4.769,4.7735
1180417,1600,4.7965,4.7965,4.7965,4.7965
1180418,1600,4.81,4.81,4.81,4.8035
1180419,1600,4.7145,4.7145,4.7145,4.7145
1180420,1600,4.7145,4.7145,4.7145,4.7145
1180423,1600,4.695,4.695,4.695,4.687
1180424,1600,4.6805,4.6805,4.6805,4.6805
1180425,1600,4.65,4.65,4.65,4.6485
1180426,1600,4.677,4.677,4.677,4.662
1180427,1600,4.7025,4.7025,4.7025,4.7025
1180430,1600,4.7,4.7,4.7,4.722
1180501,1600,4.7055,4.7055,4.7055,4.7055
1180502,1600,4.687,4.687,4.684,4.704
1180503,1600,4.7,4.707,4.7,4.726
1180504,1600,4.72,4.732,4.717,4.7035
1180508,1600,4.718,4.72,4.715,4.695
1180509,1600,4.691,4.691,4.691,4.691
1180510,1600,4.695,4.695,4.695,4.6955
1180511,1600,4.722,4.724,4.722,4.7205
1180514,1600,4.703,4.703,4.703,4.7075
1180515,1600,4.6505,4.6505,4.6505,4.6505
1180516,1600,4.6505,4.6505,4.6505,4.6505
1180517,1600,4.616,4.618,4.616,4.607
1180518,1600,4.614,4.614,4.613,4.631
1180521,1600,4.6445,4.6445,4.6445,4.6445
1180522,1600,4.6445,4.6445,4.6445,4.6445
1180523,1600,4.6445,4.6445,4.6445,4.6445
1180524,1600,4.6445,4.6445,4.6445,4.6445
1180525,1600,4.71,4.714,4.71,4.733
1180529,1600,4.825,4.825,4.787,4.7985
1180530,1600,4.79,4.797,4.771,4.7955
1180531,1600,4.79,4.82,4.79,4.8145
1180601,1600,4.782,4.782,4.782,4.782
1180604,1600,4.768,4.768,4.768,4.7655
1180605,1600,4.752,4.752,4.751,4.766
1180606,1600,4.716,4.716,4.716,4.7115
1180607,1600,4.7285,4.7285,4.7285,4.7285
1180608,1600,4.75,4.75,4.75,4.748
1180611,1600,4.739,4.739,4.739,4.739
1180612,1600,4.7265,4.7265,4.7265,4.7265
1180613,1600,4.731,4.731,4.731,4.7455
1180614,1600,4.692,4.692,4.692,4.686
1180615,1600,4.719,4.719,4.719,4.719
1180618,1600,4.714,4.714,4.714,4.6965
1180619,1600,4.733,4.733,4.733,4.7275
1180620,1600,4.7085,4.7085,4.7085,4.7085
1180621,1600,4.702,4.702,4.701,4.703
1180622,1600,4.701,4.701,4.701,4.7085
1180625,1600,4.717,4.717,4.717,4.733
1180626,1600,4.7235,4.7235,4.7235,4.7235
1180627,1600,4.741,4.741,4.741,4.7575
1180628,1600,4.77,4.77,4.77,4.7655
1180629,1600,4.767,4.767,4.767,4.767
1180702,1600,4.779,4.779,4.752,4.7545
1180703,1600,4.7745,4.7745,4.7745,4.7745
1180704,1600,4.777,4.777,4.777,4.7715
1180705,1600,4.7935,4.7935,4.7935,4.7935
1180706,1600,4.81,4.81,4.81,4.8015
1180709,1600,4.796,4.796,4.78,4.7775
1180710,1600,4.7715,4.7715,4.7715,4.7715
1180711,1600,4.7715,4.7715,4.7715,4.7715
1180712,1600,4.778,4.778,4.778,4.7835
1180713,1600,4.7945,4.7945,4.7945,4.7945
1180716,1600,4.796,4.796,4.793,4.793
1180717,1600,4.7755,4.7755,4.7755,4.7755
1180718,1600,4.7755,4.7755,4.7755,4.7755
1180719,1600,4.747,4.747,4.747,4.7715
1180720,1600,4.765,4.765,4.765,4.7215
1180723,1600,4.724,4.724,4.724,4.6685
1180724,1600,4.6715,4.6715,4.6715,4.6715
1180725,1600,4.6715,4.6715,4.6715,4.6715
1180726,1600,4.6715,4.6715,4.6715,4.6715
1180727,1600,4.666,4.666,4.666,4.6725
1180730,1600,4.658,4.658,4.658,4.6605
1180731,1600,4.6805,4.6805,4.6805,4.6805
1180801,1600,4.668,4.668,4.668,4.638
1180802,1600,4.663,4.663,4.644,4.646
1180803,1600,4.664,4.667,4.664,4.662
1180806,1600,4.677,4.677,4.676,4.685
1180807,1600,4.67,4.671,4.657,4.6555
1180808,1600,4.65,4.65,4.65,4.652
1180809,1600,4.654,4.657,4.654,4.669
1180810,1600,4.708,4.708,4.708,4.72
1180813,1600,4.726,4.726,4.705,4.7085
1180814,1600,4.704,4.704,4.704,4.704
1180815,1600,4.705,4.705,4.705,4.7315
1180816,1600,4.709,4.709,4.709,4.712
1180817,1600,4.7395,4.7395,4.7395,4.7395
1180820,1600,4.7395,4.7395,4.7395,4.7395
1180821,1600,4.7395,4.7395,4.7395,4.7395
1180822,1600,4.762,4.762,4.762,4.7565
1180823,1600,4.7705,4.7705,4.7705,4.7705
1180824,1600,4.7705,4.7705,4.7705,4.7705
1180828,1600,4.753,4.754,4.75,4.7257
1180829,1600,4.7123,4.7123,4.7123,4.7123
1180830,1600,4.737,4.7405,4.737,4.738
1180831,1600,4.7593,4.7593,4.7593,4.7593
1180903,1600,4.7593,4.7593,4.7593,4.7593
1180904,1600,4.725,4.725,4.697,4.6905
1180905,1600,4.693,4.693,4.693,4.693
1180906,1600,4.693,4.693,4.693,4.693
1180907,1600,4.694,4.694,4.694,4.665
1180910,1600,4.6693,4.6693,4.6693,4.6693
1180911,1600,4.6693,4.6693,4.6693,4.6693
1180912,1600,4.653,4.653,4.653,4.6525
1180913,1600,4.653,4.653,4.653,4.6733
1180914,1600,4.632,4.632,4.632,4.632
1180917,1600,4.642,4.642,4.6385,4.6425
1180918,1600,4.5998,4.5998,4.5998,4.5998
1180919,1600,4.581,4.581,4.576,4.56
1180920,1600,4.5757,4.5757,4.5757,4.5757
1180921,1600,4.5757,4.5757,4.5757,4.5757
1180924,1600,4.5757,4.5757,4.5757,4.5757
1180925,1600,4.5455,4.5595,4.544,4.5595
1180926,1600,4.5623,4.5623,4.5623,4.5623
1180927,1600,4.598,4.598,4.598,4.5795
1180928,1600,4.61,4.61,4.61,4.5925
1181001,1600,4.551,4.551,4.549,4.5732
1181002,1600,4.579,4.579,4.579,4.5757
1181003,1600,4.5208,4.5208,4.5208,4.5208
1181004,1600,4.449,4.479,4.433,4.4535
1181005,1600,4.4365,4.4365,4.4365,4.4365
1181008,1600,4.4145,4.4145,4.4145,4.4145
1181009,1600,4.4405,4.4405,4.4405,4.4405
1181010,1600,4.4225,4.4225,4.4225,4.4338
1181011,1600,4.475,4.475,4.4575,4.4693
1181012,1600,4.469,4.469,4.469,4.4825
1181015,1600,4.473,4.473,4.473,4.473
1181016,1600,4.475,4.475,4.475,4.474
1181017,1600,4.472,4.472,4.471,4.4837
1181018,1600,4.464,4.464,4.464,4.464
1181019,1600,4.457,4.457,4.457,4.4485
1181022,1600,4.4387,4.4387,4.4387,4.4387
1181023,1600,4.4745,4.4745,4.4745,4.4745
1181024,1600,4.468,4.468,4.468,4.4755
1181025,1600,4.4703,4.4703,4.4703,4.4703
1181026,1600,4.502,4.502,4.487,4.4955
1181029,1600,4.497,4.497,4.497,4.4808
1181030,1600,4.463,4.463,4.463,4.463
1181031,1600,4.4445,4.4445,4.434,4.4443
1181101,1600,4.442,4.442,4.442,4.442
1181102,1600,4.4008,4.4008,4.4008,4.4008
1181105,1600,4.4,4.4,4.392,4.4085
1181106,1600,4.405,4.405,4.405,4.405
1181107,1600,4.4345,4.4345,4.4345,4.4345
1181108,1600,4.421,4.421,4.4145,4.407
1181109,1600,4.43,4.43,4.41,4.4297
1181112,1600,4.467,4.467,4.467,4.467
1181113,1600,4.4415,4.4415,4.4415,4.4415
1181114,1600,4.455,4.455,4.455,4.455
1181115,1600,4.4725,4.4725,4.4725,4.4725
1181116,1600,4.4665,4.4665,4.4665,4.4665
1181119,1600,4.4815,4.4815,4.4815,4.4815
1181120,1600,4.4975,4.4975,4.4975,4.4975
1181121,1600,4.4847,4.4847,4.4847,4.4847
1181122,1600,4.4965,4.4965,4.4965,4.4905
1181123,1600,4.493,4.5115,4.493,4.5055
1181126,1600,4.489,4.489,4.489,4.489
1181127,1600,4.499,4.499,4.499,4.4915
1181128,1600,4.494,4.494,4.494,4.4843
1181129,1600,4.4915,4.4915,4.4915,4.4915
1181130,1600,4.498,4.498,4.498,4.498
1181203,1600,4.5105,4.5105,4.5105,4.5105
1181204,1600,4.573,4.574,4.57,4.585
1181205,1600,4.597,4.62,4.597,4.5995
1181206,1600,4.657,4.657,4.657,4.657
1181207,1600,4.657,4.657,4.657,4.657
1181210,1600,4.626,4.65,4.626,4.656
1181211,1600,4.634,4.643,4.634,4.6592
1181212,1600,4.631,4.66,4.631,4.66
1181213,1600,4.549,4.549,4.549,4.549
1181214,1600,4.565,4.565,4.565,4.565
1181217,1600,4.5785,4.5785,4.5785,4.5785
1181218,1600,4.599,4.6025,4.599,4.6203
1181219,1600,4.645,4.645,4.645,4.645
1181220,1600,4.6937,4.6937,4.6937,4.6937
1181221,1600,4.682,4.682,4.682,4.6483
1181224,1600,4.6705,4.6705,4.6705,4.6705
1181227,1600,4.6743,4.6743,4.6743,4.6743
1181228,1600,4.62,4.665,4.62,4.6487
1181231,1600,4.6625,4.6625,4.6625,4.6625
1190102,1600,4.697,4.697,4.682,4.685
1190103,1600,4.71,4.729,4.71,4.752
1190104,1600,4.75,4.75,4.75,4.6958
1190107,1600,4.7025,4.7025,4.7025,4.7025
1190108,1600,4.695,4.695,4.695,4.69
1190109,1600,4.6565,4.6565,4.6565,4.6565
1190110,1600,4.6585,4.6585,4.6585,4.6585
1190111,1600,4.652,4.652,4.652,4.6565
1190114,1600,4.673,4.673,4.665,4.6405
1190115,1600,4.6545,4.6545,4.628,4.621
1190116,1600,4.619,4.619,4.619,4.619
1190117,1600,4.626,4.626,4.626,4.626
1190118,1600,4.5887,4.5887,4.5887,4.5887
1190121,1600,4.6015,4.6015,4.6015,4.5972
1190122,1600,4.6225,4.6225,4.6225,4.6225
1190123,1600,4.619,4.619,4.619,4.6283
1190124,1600,4.6518,4.6518,4.6518,4.6518
1190125,1600,4.6305,4.6305,4.6305,4.6343
1190128,1600,4.6385,4.644,4.638,4.638
1190129,1600,4.638,4.638,4.638,4.638
1190130,1600,4.645,4.645,4.645,4.645
1190131,1600,4.6785,4.6785,4.6785,4.6785
1190201,1600,4.655,4.655,4.655,4.659
1190204,1600,4.6495,4.6495,4.6495,4.6262
1190205,1600,4.6315,4.659,4.6315,4.659
1190206,1600,4.6627,4.6627,4.6627,4.6627
1190207,1600,4.6757,4.6757,4.6757,4.6757
1190208,1600,4.699,4.699,4.699,4.7063
1190211,1600,4.7065,4.707,4.7065,4.6978
1190212,1600,4.682,4.682,4.6715,4.6652
1190213,1600,4.672,4.672,4.6595,4.6638
1190214,1600,4.6828,4.6828,4.6828,4.6828
1190215,1600,4.6912,4.6912,4.6912,4.6912
1190218,1600,4.6918,4.6918,4.6918,4.6918
1190219,1600,4.709,4.709,4.709,4.706
1190220,1600,4.705,4.705,4.705,4.6815
1190221,1600,4.649,4.649,4.649,4.649
1190222,1600,4.682,4.682,4.682,4.682
1190225,1600,4.6525,4.6525,4.6525,4.6525
1190226,1600,4.6745,4.6745,4.6745,4.6745
1190227,1600,4.6365,4.6365,4.6365,4.6365
1190228,1600,4.64,4.64,4.64,4.608
1190301,1600,4.595,4.595,4.595,4.5845
1190304,1600,4.589,4.589,4.589,4.6027
1190305,1600,4.5975,4.5975,4.5975,4.5975
1190306,1600,4.617,4.633,4.617,4.629
1190307,1600,4.659,4.6605,4.659,4.653
1190308,1600,4.659,4.659,4.659,4.659
1190311,1600,4.6585,4.6585,4.6585,4.6585
1190312,1600,4.64,4.64,4.64,4.6765
1190313,1600,4.6885,4.6885,4.6885,4.6885
1190314,1600,4.6615,4.6615,4.6615,4.6575
1190315,1600,4.675,4.675,4.675,4.675
1190318,1600,4.6835,4.6835,4.6835,4.6835
1190319,1600,4.689,4.689,4.689,4.6735
1190320,1600,4.689,4.689,4.689,4.689
1190321,1600,4.724,4.725,4.7235,4.731
1190322,1600,4.8045,4.8045,4.8045,4.8045
1190325,1600,4.7965,4.7965,4.7965,4.804
1190326,1600,4.798,4.798,4.798,4.798
1190327,1600,4.8335,4.8335,4.825,4.8333
1190328,1600,4.85,4.853,4.85,4.8502
1190329,1600,4.83,4.84,4.83,4.8395
1190401,1600,4.797,4.797,4.797,4.797
1190402,1600,4.805,4.805,4.805,4.799
1190403,1600,4.759,4.759,4.755,4.76
1190404,1600,4.76,4.766,4.76,4.766
1190405,1600,4.754,4.754,4.754,4.7695
1190408,1600,4.7625,4.7625,4.7625,4.7625
1190409,1600,4.7765,4.7765,4.7765,4.7765
1190410,1600,4.782,4.782,4.782,4.782
1190411,1600,4.7628,4.7628,4.7628,4.7628
1190412,1600,4.731,4.736,4.726,4.7275
1190415,1600,4.724,4.724,4.724,4.724
1190416,1600,4.725,4.725,4.725,4.705
1190417,1600,4.708,4.708,4.708,4.708
1190418,1600,4.7235,4.7235,4.7235,4.7235
1190423,1600,4.712,4.712,4.703,4.703
1190424,1600,4.743,4.743,4.743,4.743
1190425,1600,4.7355,4.7355,4.7355,4.7355
1190426,1600,4.7565,4.7565,4.7565,4.7565
1190429,1600,4.747,4.7605,4.737,4.7605
1190430,1600,4.7415,4.7415,4.7415,4.7415
1190501,1600,4.784,4.784,4.784,4.784
1190502,1600,4.7435,4.7435,4.7435,4.7395
1190503,1600,4.7425,4.75,4.74,4.75
1190507,1600,4.792,4.802,4.792,4.802
1190508,1600,4.804,4.83,4.804,4.8075
1190509,1600,4.8098,4.8098,4.8098,4.8082
1190510,1600,4.814,4.814,4.814,4.814
1190513,1600,4.812,4.833,4.812,4.833
1190514,1600,4.82,4.8255,4.82,4.8183
1190515,1600,4.8455,4.8455,4.8455,4.8355
1190516,1600,4.8505,4.8505,4.8505,4.8313
1190517,1600,4.8405,4.8405,4.8405,4.8393
1190520,1600,4.8375,4.8375,4.8375,4.8375
1190521,1600,4.825,4.825,4.825,4.8195
1190522,1600,4.8405,4.8405,4.8405,4.8405
1190523,1600,4.8975,4.8975,4.8975,4.8975
1190524,1600,4.8995,4.8995,4.8995,4.8995
1190528,1600,4.936,4.94,4.924,4.93
1190529,1600,4.98,4.98,4.98,4.98
1190530,1600,4.949,4.9755,4.949,4.9695
1190531,1600,5.0245,5.0245,5.0245,5.0245
1190603,1600,5.085,5.086,5.065,5.064
1190604,1600,5.067,5.067,5.054,5.0325
1190605,1600,5.002,5.024,5.002,5.0125
1190606,1600,5.0495,5.0495,5.0495,5.0495
1190607,1600,5.018,5.068,5.018,5.062
1190610,1600,5.0155,5.0155,5.0155,5.0155
1190611,1600,5.018,5.018,4.994,5.0095
1190612,1600,5.03,5.038,5.021,5.01
1190613,1600,4.965,4.97,4.965,4.9695
1190614,1600,5.0,5.0,4.98,4.98
1190617,1600,4.976,4.977,4.976,4.987
1190618,1600,5.03,5.038,5.024,5.0305
1190619,1600,5.005,5.005,5.0,4.9975
1190620,1600,5.052,5.052,5.047,5.058
1190621,1600,4.9955,4.9955,4.9955,4.9955
1190624,1600,4.995,4.995,4.995,5.0185
1190625,1600,5.02,5.04,5.019,5.0375
1190626,1600,5.027,5.033,5.013,5.01
1190627,1600,4.995,5.02,4.992,5.0165
1190628,1600,5.026,5.04,5.018,5.04
1190701,1600,5.012,5.036,5.012,5.033
1190702,1600,5.027,5.035,5.027,5.048
1190703,1600,5.083,5.083,5.083,5.083
1190704,1600,5.097,5.101,5.094,5.099
1190705,1600,5.083,5.083,5.0,5.0085
1190708,1600,5.049,5.049,5.039,5.0465
1190709,1600,5.0235,5.0235,5.0235,5.0235
1190710,1600,4.9905,5.018,4.9905,5.014
1190711,1600,4.98,4.9805,4.969,4.9725
1190712,1600,4.937,4.937,4.9085,4.9085
1190715,1600,4.9095,4.9555,4.9095,4.9563
1190716,1600,4.9485,4.9485,4.934,4.934
1190717,1600,4.978,4.9785,4.9655,4.9765
1190718,1600,4.977,4.977,4.977,4.977
1190719,1600,4.9935,4.994,4.9935,4.9915
1190722,1600,4.994,5.016,4.994,5.016
1190723,1600,4.992,4.992,4.971,4.983
1190724,1600,4.9835,4.9835,4.9835,4.9835
1190725,1600,4.999,4.999,4.949,4.961
1190726,1600,4.9795,4.9795,4.973,4.9785
1190729,1600,4.99,4.9985,4.99,4.9732
1190730,1600,4.9935,4.994,4.971,4.971
1190731,1600,4.997,5.002,4.99,5.011
1190801,1600,5.061,5.061,5.061,5.084
1190802,1600,5.179,5.181,5.134,5.1465
1190805,1600,5.242,5.245,5.223,5.219
1190806,1600,5.25,5.27,5.237,5.27
1190807,1600,5.339,5.4,5.339,5.393
1190808,1600,5.282,5.309,5.259,5.265
1190809,1600,5.321,5.321,5.321,5.35
1190812,1600,5.355,5.378,5.355,5.378
1190813,1600,5.447,5.447,5.405,5.413
1190814,1600,5.439,5.521,5.439,5.4995
1190815,1600,5.573,5.575,5.515,5.5325
1190816,1600,5.526,5.555,5.504,5.504
1190819,1600,5.476,5.476,5.424,5.469
1190820,1600,5.507,5.507,5.488,5.4845
1190821,1600,5.487,5.487,5.487,5.4875
1190822,1600,5.458,5.458,5.458,5.458
1190823,1600,5.396,5.481,5.396,5.488
1190827,1600,5.538,5.577,5.53,5.572
1190828,1600,5.627,5.631,5.59,5.6025
1190829,1600,5.611,5.611,5.539,5.5365
1190830,1600,5.54,5.564,5.54,5.5545
1190902,1600,5.597,5.597,5.553,5.5595
1190903,1600,5.59,5.629,5.573,5.617
1190904,1600,5.568,5.568,5.541,5.5745
1190905,1600,5.537,5.537,5.458,5.468
1190906,1600,5.466,5.507,5.466,5.507
1190909,1600,5.501,5.501,5.439,5.442
1190910,1600,5.43,5.434,5.43,5.399
1190911,1600,5.33,5.3419,5.33,5.3375
1190912,1600,5.343,5.387,5.32,5.307
1190913,1600,5.254,5.263,5.205,5.212
1190916,1600,5.2,5.232,5.2,5.221
1190917,1600,5.243,5.269,5.232,5.2735
1190918,1600,5.284,5.317,5.284,5.3125
1190919,1600,5.303,5.318,5.289,5.304
1190920,1600,5.318,5.328,5.299,5.322
1190923,1600,5.329,5.404,5.329,5.3885
1190924,1600,5.38,5.413,5.37,5.4085
1190925,1600,5.433,5.433,5.374,5.3835
1190926,1600,5.38,5.397,5.368,5.3865
1190927,1600,5.38,5.392,5.378,5.38
1190930,1600,5.37,5.386,5.37,5.381
1191001,1600,5.351,5.438,5.337,5.438
1191002,1600,5.417,5.455,5.417,5.4545
1191003,1600,5.454,5.493,5.449,5.4725
1191004,1600,5.508,5.51,5.491,5.51
1191007,1600,5.522,5.522,5.499,5.498
1191008,1600,5.473,5.517,5.473,5.5165
1191009,1600,5.489,5.505,5.459,5.4645
1191010,1600,5.446,5.457,5.378,5.3815
1191011,1600,5.397,5.397,5.306,5.305
1191014,1600,5.351,5.371,5.3153,5.3455
1191015,1600,5.368,5.369,5.295,5.3035
1191016,1600,5.311,5.319,5.287,5.292
1191017,1600,5.305,5.305,5.259,5.2915
1191018,1600,5.282,5.303,5.282,5.303
1191021,1600,5.278,5.278,5.243,5.239
1191022,1600,5.255,5.273,5.255,5.2635
1191023,1600,5.29,5.3,5.29,5.2955
1191024,1600,5.292,5.3,5.285,5.295
1191025,1600,5.261,5.267,5.26,5.267
1191028,1600,5.209,5.219,5.191,5.185
1191029,1600,5.206,5.214,5.197,5.197
1191030,1600,5.217,5.237,5.21,5.2365
1191031,1600,5.288,5.339,5.288,5.334
1191101,1600,5.315,5.315,5.309,5.2935
1191104,1600,5.293,5.293,5.248,5.2455
1191105,1600,5.222,5.222,5.185,5.185
1191106,1600,5.205,5.212,5.203,5.208
1191107,1600,5.21,5.21,5.114,5.114
1191108,1600,5.142,5.142,5.101,5.137
1191111,1600,5.127,5.127,5.105,5.097
1191112,1600,5.097,5.111,5.097,5.1055
1191113,1600,5.134,5.1701,5.134,5.163
1191114,1600,5.182,5.227,5.182,5.2225
1191115,1600,5.201,5.212,5.2,5.208
1191118,1600,5.19,5.226,5.188,5.225
1191119,1600,5.22,5.256,5.22,5.246
1191120,1600,5.296,5.299,5.285,5.285
1191121,1600,5.288,5.29,5.286,5.282
1191122,1600,5.278,5.305,5.278,5.301
1191125,1600,5.285,5.312,5.275,5.3055
1191126,1600,5.325,5.341,5.321,5.339
1191127,1600,5.337,5.337,5.318,5.31
1191128,1600,5.32,5.322,5.311,5.3075
1191129,1600,5.314,5.322,5.302,5.298
1191202,1600,5.304,5.304,5.223,5.242
1191203,1600,5.229,5.348,5.229,5.354
1191204,1600,5.343,5.343,5.281,5.2755
1191205,1600,5.283,5.283,5.254,5.2615
1191206,1600,5.271,5.272,5.218,5.241
1191209,1600,5.255,5.255,5.248,5.249
1191210,1600,5.271,5.271,5.25,5.248
1191211,1600,5.266,5.286,5.266,5.286
1191212,1600,5.215,5.216,5.116,5.1255
1191213,1600,5.14,5.213,5.132,5.213
1191216,1600,5.186,5.191,5.139,5.1415
1191217,1600,5.172,5.172,5.142,5.14
1191218,1600,5.157,5.158,5.1,5.098
1191219,1600,5.086,5.097,5.076,5.097
1191220,1600,5.095,5.107,5.095,5.099
1191223,1600,5.129,5.129,5.104,5.114
1191224,1600,5.11,5.11,5.099,5.097
1191227,1600,5.122,5.146,5.122,5.1405
1191230,1600,5.096,5.097,5.077,5.07
1191231,1600,5.118,5.118,5.118,5.106
1200102,1600,5.065,5.126,5.05,5.1165
1200103,1600,5.177,5.191,5.176,5.1785
1200106,1600,5.222,5.222,5.2,5.1685
1200107,1600,5.192,5.192,5.16,5.1565
1200108,1600,5.145,5.155,5.145,5.1405
1200109,1600,5.097,5.098,5.082,5.0845
1200110,1600,5.134,5.161,5.119,5.164
1200113,1600,5.154,5.157,5.141,5.285
1200114,1600,5.16,5.177,5.155,5.177
1200115,1600,5.207,5.207,5.207,5.207
1200116,1600,5.2,5.2,5.188,5.183
1200117,1600,5.154,5.168,5.135,5.155
1200120,1600,5.148,5.156,5.148,5.1535
1200121,1600,5.188,5.211,5.188,5.2025
1200122,1600,5.205,5.221,5.205,5.2135
1200123,1600,5.254,5.273,5.254,5.2755
1200124,1600,5.251,5.3,5.251,5.3
1200127,1600,5.333,5.371,5.333,5.3725
1200128,1600,5.384,5.417,5.345,5.347
1200129,1600,5.361,5.37,5.359,5.3685
1200130,1600,5.417,5.4254,5.396,5.4165
1200131,1600,5.405,5.441,5.405,5.442
1200203,1600,5.39,5.424,5.39,5.424
1200204,1600,5.384,5.4,5.369,5.3715
1200205,1600,5.337,5.337,5.315,5.324
1200206,1600,5.317,5.34,5.305,5.3265
1200207,1600,5.372,5.4,5.369,5.396
1200210,1600,5.395,5.425,5.395,5.4175
1200211,1600,5.396,5.397,5.39,5.394
1200212,1600,5.353,5.369,5.35,5.3505
1200213,1600,5.411,5.411,5.368,5.3635
1200214,1600,5.401,5.417,5.401,5.413
1200217,1600,5.397,5.41,5.397,5.4045
1200218,1600,5.448,5.461,5.438,5.4535
1200219,1600,5.456,5.456,5.428,5.429
1200220,1600,5.445,5.481,5.445,5.4835
1200221,1600,5.513,5.546,5.513,5.531
1200224,1600,5.609,5.619,5.596,5.629
1200225,1600,5.603,5.651,5.603,5.6515
1200226,1600,5.627,5.6527,5.602,5.627
1200227,1600,5.667,5.713,5.667,5.6915
1200228,1600,5.76,5.81,5.75,5.81
1200302,1600,5.76,5.859,5.76,5.803
1200303,1600,5.8,5.807,5.711,5.8345
1200304,1600,5.885,5.907,5.835,5.865
1200305,1600,5.813,5.889,5.813,5.889
1200306,1600,6.057,6.295,6.045,6.217
1200309,1600,6.5,6.775,6.494,6.567
1200310,1600,6.25,6.4,6.105,6.3645
1200311,1600,6.248,6.258,6.096,6.1195
1200312,1600,6.143,6.213,5.0,5.32
1200313,1600,5.32,5.92,5.313,5.71
1200316,1600,5.842,6.02,5.753,5.858
1200317,1600,6.02,6.102,5.917,5.9705
1200318,1600,5.622,5.696,5.492,5.4875
1200319,1600,5.503,5.6428,5.319,5.414
1200320,1600,5.593,5.7,5.593,5.7555
1200323,1600,5.8,6.129,5.8,6.011
1200324,1600,6.065,6.104,5.976,6.0075
1200325,1600,5.995,6.138,5.995,6.155
1200326,1600,6.17,6.181,6.056,6.076
1200327,1600,6.06,6.135,6.06,6.177
1200330,1600,6.2,6.356,6.2,6.349
1200331,1600,6.244,6.244,6.134,6.1675
1200401,1600,6.196,6.331,6.196,6.3165
1200402,1600,6.32,6.324,6.234,6.2845
1200403,1600,6.275,6.307,6.274,6.312
1200406,1600,6.317,6.317,6.235,6.2465
1200407,1600,6.151,6.183,6.136,6.183
1200408,1600,6.216,6.216,6.156,6.1675
1200409,1600,6.1,6.15,6.094,6.163
1200414,1600,6.25,6.25,6.096,6.116
1200415,1600,6.144,6.262,6.144,6.255
1200416,1600,6.265,6.33,6.265,6.324
1200417,1600,6.319,6.355,6.289,6.3455
1200420,1600,6.278,6.289,6.251,6.2745
1200421,1600,6.333,6.405,6.328,6.4025
1200422,1600,6.4,6.4,6.315,6.32
1200423,1600,6.324,6.351,6.297,6.351
1200424,1600,6.383,6.383,6.325,6.3415
1200427,1600,6.334,6.346,6.272,6.2785
1200428,1600,6.264,6.3,6.254,6.2955
1200429,1600,6.327,6.354,6.326,6.319
1200430,1600,6.292,6.306,6.261,6.2925
1200501,1600,6.281,6.281,6.234,6.25
1200504,1600,6.261,6.312,6.24,6.242
1200505,1600,6.2,6.204,6.172,6.188
1200506,1600,6.169,6.177,6.071,6.0765
1200507,1600,6.09,6.151,6.081,6.151
1200511,1600,6.104,6.104,6.075,6.092
1200512,1600,6.09,6.113,6.077,6.107
1200513,1600,6.178,6.178,6.178,6.178
1200514,1600,6.242,6.274,6.238,6.2715
1200515,1600,6.27,6.289,6.231,6.2275
1200518,1600,6.199,6.2,6.132,6.0965
1200519,1600,6.073,6.104,6.056,6.0835
1200520,1600,6.109,6.117,6.086,6.088
1200521,1600,6.153,6.171,6.147,6.147
1200522,1600,6.208,6.208,6.154,6.171
1200526,1600,6.119,6.133,6.084,6.0935
1200527,1600,6.103,6.107,6.048,6.0975
1200528,1600,6.071,6.086,5.995,5.995
1200529,1600,6.098,6.1,6.078,6.0735
1200601,1600,6.08,6.11,6.054,6.046
1200602,1600,6.079,6.079,6.031,6.042
1200603,1600,6.01,6.016,5.946,5.955
1200604,1600,5.969,5.984,5.902,5.9125
1200605,1600,5.827,5.842,5.75,5.7355
1200608,1600,5.796,5.833,5.783,5.8345
1200609,1600,5.884,5.944,5.884,5.931
1200610,1600,5.951,5.976,5.945,5.983
1200611,1600,5.983,6.045,5.983,6.0245
1200612,1600,6.033,6.039,5.999,6.024
1200615,1600,6.076,6.079,6.052,6.0385
1200616,1600,5.958,5.969,5.94,5.9185
1200617,1600,5.901,5.931,5.887,5.9075
1200618,1600,6.0,6.0,5.99,5.9855
1200619,1600,5.967,5.967,5.936,5.9755
1200622,1600,6.008,6.036,6.0,6.0235
1200623,1600,6.0,6.0,5.951,5.9575
1200624,1600,5.98,6.002,5.95,6.016
1200625,1600,6.046,6.07,6.046,6.0635
1200626,1600,6.062,6.105,6.042,6.0985
1200629,1600,6.099,6.109,6.082,6.0935
1200630,1600,6.097,6.105,6.09,6.079
1200701,1600,6.035,6.035,6.008,6.0405
1200702,1600,6.054,6.054,6.023,6.0415
1200703,1600,6.063,6.07,6.056,6.053
1200706,1600,5.99,6.022,5.99,6.007
1200707,1600,6.056,6.056,6.035,6.049
1200708,1600,6.091,6.098,6.063,6.083
1200709,1600,6.083,6.151,6.083,6.13
1200710,1600,6.225,6.242,6.187,6.187
1200713,1600,6.158,6.158,6.118,6.1285
1200714,1600,6.181,6.205,6.17,6.188
1200715,1600,6.182,6.182,6.125,6.1515
1200716,1600,6.175,6.197,6.166,6.1945
1200717,1600,6.201,6.213,6.171,6.171
1200720,1600,6.168,6.172,6.165,6.172
1200721,1600,6.189,6.193,6.172,6.1905
1200722,1600,6.193,6.228,6.192,6.216
1200723,1600,6.212,6.253,6.211,6.246
1200724,1600,6.298,6.298,6.246,6.2555
1200727,1600,6.295,6.295,6.273,6.2825
1200728,1600,6.218,6.268,6.218,6.268
1200729,1600,6.28,6.285,6.261,6.262
1200730,1600,6.295,6.316,6.295,6.308
1200731,1600,6.315,6.315,6.279,6.304
1200803,1600,6.29,6.294,6.25,6.2675
1200804,1600,6.289,6.323,6.28,6.3135
1200805,1600,6.316,6.316,6.283,6.277
1200806,1600,6.319,6.343,6.309,6.3425
1200807,1600,6.346,6.352,6.292,6.289
1200810,1600,6.267,6.289,6.26,6.252
1200811,1600,6.237,6.237,6.165,6.149
1200812,1600,6.113,6.113,6.099,6.0975
1200813,1600,6.148,6.152,6.097,6.0985
1200814,1600,6.067,6.08,6.047,6.0455
1200817,1600,6.059,6.062,6.026,6.067
1200818,1600,6.069,6.071,6.06,6.0615
1200819,1600,6.111,6.111,6.097,6.095
1200820,1600,6.08,6.113,6.08,6.105
1200821,1600,6.105,6.131,6.099,6.139
1200824,1600,6.149,6.156,6.128,6.133
1200825,1600,6.101,6.101,6.054,6.0495
1200826,1600,6.047,6.056,6.032,6.037
1200827,1600,6.066,6.1,5.971,5.9635
1200828,1600,5.916,5.976,5.91,5.973
1200901,1600,5.99,6.009,5.956,6.009
1200902,1600,6.05,6.11,6.034,6.106
1200903,1600,6.1,6.172,6.1,6.14
1200904,1600,6.14,6.14,6.063,6.072
1200907,1600,6.008,6.022,6.0,6.0015
1200908,1600,6.014,6.085,6.014,6.075
1200909,1600,6.086,6.086,6.049,6.038
1200910,1600,6.045,6.059,5.98,5.99
1200911,1600,6.068,6.075,6.063,6.076
1200914,1600,6.095,6.1,6.071,6.075
1200915,1600,6.082,6.088,6.061,6.057
1200916,1600,6.079,6.094,6.07,6.086
1200917,1600,6.07,6.091,6.067,6.0745
1200918,1600,6.068,6.07,6.053,6.049
1200921,1600,6.085,6.105,6.084,6.084
1200922,1600,6.08,6.09,6.061,6.0585
1200923,1600,6.066,6.076,6.05,6.052
1200924,1600,6.106,6.106,6.084,6.095
1200925,1600,6.098,6.112,6.094,6.1035
1200928,1600,6.09,6.09,6.071,6.084
1200929,1600,6.104,6.104,6.088,6.1005
1200930,1600,6.084,6.084,6.022,6.022
1201001,1600,6.02,6.041,5.995,6.026
1201002,1600,6.071,6.072,6.009,6.015
1201005,1600,6.0,6.0,5.921,5.93
1201006,1600,5.913,5.915,5.873,5.8875
1201007,1600,5.925,5.929,5.913,5.908
1201008,1600,5.922,5.922,5.905,5.9205
1201009,1600,5.919,5.926,5.895,5.915
1201012,1600,5.93,5.934,5.918,5.924
1201013,1600,5.952,5.98,5.938,5.964
1201014,1600,5.994,6.007,5.992,6.0005
1201015,1600,6.016,6.041,6.006,6.0165
1201016,1600,5.984,6.0,5.959,5.959
1201019,1600,5.932,5.938,5.922,5.937
1201020,1600,5.936,5.938,5.9,5.908
1201021,1600,5.859,5.883,5.854,5.8785
1201022,1600,5.875,5.875,5.812,5.8295
1201023,1600,5.862,5.862,5.796,5.82
1201026,1600,5.892,5.903,5.887,5.893
1201027,1600,5.901,5.932,5.901,5.93
1201028,1600,5.959,5.97,5.935,5.9465
1201029,1600,5.926,5.949,5.892,5.8965
1201030,1600,5.893,5.906,5.848,5.859
1201102,1600,5.826,5.881,5.818,5.875
1201103,1600,5.853,5.853,5.82,5.8185
1201104,1600,5.971,6.001,5.922,5.963
1201105,1600,6.028,6.034,5.959,5.945
1201106,1600,5.971,5.987,5.884,5.9055
1201109,1600,5.904,5.935,5.731,5.741
1201110,1600,5.786,5.804,5.739,5.75
1201111,1600,5.72,5.75,5.715,5.742
1201112,1600,5.788,5.819,5.751,5.819
1201113,1600,5.862,5.866,5.845,5.8505
1201116,1600,5.862,5.879,5.806,5.84
1201117,1600,5.835,5.884,5.835,5.873
1201118,1600,5.922,5.932,5.883,5.884
1201119,1600,5.907,5.927,5.907,5.9195
1201120,1600,5.96,5.965,5.935,5.94
1201123,1600,5.975,5.975,5.929,5.929
1201124,1600,5.923,5.938,5.899,5.8985
1201125,1600,5.887,5.908,5.887,5.895
1201126,1600,5.873,5.898,5.873,5.8895
1201127,1600,5.892,5.915,5.882,5.9135
1201130,1600,5.926,5.938,5.907,5.916
1201201,1600,5.935,5.938,5.819,5.8225
1201202,1600,5.818,5.836,5.772,5.779
1201203,1600,5.784,5.819,5.782,5.807
1201204,1600,5.821,5.83,5.724,5.739
1201207,1600,5.783,5.806,5.779,5.806
1201208,1600,5.801,5.838,5.789,5.826
1201209,1600,5.802,5.805,5.78,5.805
1201210,1600,5.779,5.79,5.768,5.774
1201211,1600,5.809,5.854,5.809,5.843
1201214,1600,5.81,5.819,5.767,5.819
1201215,1600,5.829,5.829,5.796,5.808
1201216,1600,5.794,5.794,5.739,5.781
1201217,1600,5.777,5.819,5.777,5.789
1201218,1600,5.784,5.784,5.749,5.752
1201221,1600,5.803,5.832,5.763,5.77
1201222,1600,5.799,5.799,5.766,5.796
1201223,1600,5.795,5.801,5.722,5.731
1201224,1600,5.75,5.77,5.75,5.7645
1201229,1600,5.757,5.777,5.754,5.777
1201230,1600,5.767,5.775,5.749,5.7645
1201231,1600,5.78,5.789,5.776,5.7855
1210104,1600,5.733,5.802,5.733,5.798
1210105,1600,5.779,5.783,5.741,5.7375
1210106,1600,5.65,5.67,5.598,5.602
1210107,1600,5.587,5.621,5.566,5.5665
1210108,1600,5.57,5.583,5.544,5.549
1210111,1600,5.573,5.579,5.532,5.551
1210112,1600,5.548,5.548,5.512,5.519
1210113,1600,5.53,5.587,5.53,5.582
1210114,1600,5.602,5.61,5.586,5.594
1210115,1600,5.583,5.594,5.566,5.587
1210118,1600,5.595,5.606,5.569,5.585
1210119,1600,5.563,5.594,5.553,5.588
1210120,1600,5.596,5.596,5.572,5.575
1210121,1600,5.6,5.607,5.551,5.5685
1210122,1600,5.565,5.583,5.564,5.574
1210125,1600,5.565,5.642,5.56,5.642
1210126,1600,5.644,5.644,5.615,5.6275
1210127,1600,5.628,5.667,5.622,5.659
1210128,1600,5.669,5.68,5.62,5.6085
1210129,1600,5.622,5.628,5.562,5.585
1210201,1600,5.587,5.595,5.551,5.591
1210202,1600,5.577,5.577,5.53,5.5485
1210203,1600,5.532,5.536,5.51,5.5245
1210204,1600,5.497,5.502,5.473,5.4815
1210205,1600,5.475,5.513,5.444,5.4675
1210208,1600,5.443,5.477,5.412,5.477
1210209,1600,5.472,5.494,5.467,5.4905
1210210,1600,5.448,5.495,5.448,5.481
1210211,1600,5.501,5.519,5.491,5.4855
1210212,1600,5.488,5.488,5.415,5.43
1210215,1600,5.35,5.383,5.35,5.383
1210216,1600,5.386,5.386,5.316,5.32
1210217,1600,5.323,5.368,5.315,5.3625
1210218,1600,5.365,5.365,5.3,5.34
1210219,1600,5.313,5.326,5.277,5.2785
1210222,1600,5.242,5.27,5.233,5.254
1210223,1600,5.238,5.238,5.202,5.214
1210224,1600,5.22,5.223,5.116,5.1675
1210225,1600,5.126,5.139,5.092,5.106
1210226,1600,5.116,5.18,5.11,5.1395
1210301,1600,5.196,5.216,5.164,5.1655
1210302,1600,5.202,5.202,5.146,5.177
1210303,1600,5.174,5.174,5.116,5.132
1210304,1600,5.153,5.157,5.122,5.1325
1210305,1600,5.093,5.11,5.043,5.113
1210308,1600,5.111,5.111,5.064,5.101
1210309,1600,5.136,5.147,5.111,5.1175
1210310,1600,5.124,5.129,5.11,5.1245
1210311,1600,5.149,5.173,5.1,5.114
1210312,1600,5.048,5.051,4.991,5.0045
1210315,1600,5.002,5.032,4.995,5.032
1210316,1600,5.022,5.037,4.998,4.998
1210317,1600,5.006,5.011,4.9505,4.957
1210318,1600,4.8985,4.917,4.891,4.9097
1210319,1600,4.9805,4.9805,4.9195,4.9418
1210322,1600,4.9955,5.004,4.977,5.004
1210323,1600,5.022,5.042,5.0097,5.0285
1210324,1600,5.078,5.078,5.038,5.051
1210325,1600,5.062,5.096,5.055,5.0605
1210326,1600,5.017,5.04,4.9965,5.0295
1210329,1600,5.048,5.05,4.9885,4.997
1210330,1600,4.944,4.966,4.9345,4.9818
1210331,1600,5.0,5.014,4.995,5.0085
1210401,1600,5.015,5.048,5.004,5.041
1210406,1600,5.049,5.075,5.034,5.075
1210407,1600,5.088,5.088,5.05,5.07
1210408,1600,5.043,5.072,5.039,5.058
1210409,1600,5.06,5.073,5.038,5.0685
1210412,1600,5.069,5.085,5.049,5.054
1210413,1600,5.037,5.063,5.034,5.053
1210414,1600,5.084,5.089,5.064,5.069
1210415,1600,5.082,5.176,5.08,5.172
1210416,1600,5.11,5.142,5.107,5.116
1210419,1600,5.147,5.147,5.102,5.115
1210420,1600,5.091,5.13,5.074,5.129
1210421,1600,5.13,5.143,5.116,5.119
1210422,1600,5.148,5.159,5.123,5.125
1210423,1600,5.146,5.171,5.132,5.138
1210426,1600,5.135,5.163,5.117,5.15
1210427,1600,5.136,5.141,5.13,5.1255
1210428,1600,5.082,5.099,5.07,5.09
1210429,1600,5.082,5.084,5.053,5.066
1210430,1600,5.094,5.094,5.074,5.084
1210504,1600,5.1,5.153,5.096,5.135
1210505,1600,5.126,5.128,5.111,5.125
1210506,1600,5.143,5.159,5.125,5.152
1210507,1600,5.153,5.18,5.14,5.131
1210510,1600,5.092,5.123,5.087,5.105
1210511,1600,5.072,5.074,5.036,5.044
1210512,1600,5.062,5.069,5.006,5.006
1210513,1600,5.009,5.009,4.9815,5.009
1210514,1600,5.006,5.0286,5.0,5.025
1210517,1600,5.073,5.073,5.025,5.038
1210518,1600,5.014,5.036,5.014,5.0195
1210519,1600,5.018,5.049,5.003,5.039
1210520,1600,5.016,5.052,5.013,5.047
1210521,1600,5.05,5.065,5.046,5.056
1210524,1600,5.075,5.096,5.066,5.096
1210525,1600,5.099,5.11,5.094,5.11
1210526,1600,5.115,5.141,5.115,5.135
1210527,1600,5.124,5.124,5.085,5.086
1210528,1600,5.084,5.108,5.084,5.107
1210601,1600,5.085,5.101,5.057,5.0685
1210602,1600,5.092,5.112,5.084,5.101
1210603,1600,5.101,5.104,5.085,5.085
1210604,1600,5.1,5.128,5.081,5.127
1210607,1600,5.136,5.143,5.123,5.143
1210608,1600,5.155,5.187,5.146,5.176
1210609,1600,5.184,5.222,5.18,5.208
1210610,1600,5.226,5.226,5.181,5.2115
1210611,1600,5.254,5.26,5.23,5.23
1210614,1600,5.23,5.242,5.206,5.206
1210615,1600,5.208,5.208,5.175,5.182
1210616,1600,5.191,5.213,5.191,5.209
1210617,1600,5.183,5.221,5.148,5.217
1210618,1600,5.225,5.33,5.225,5.298
1210621,1600,5.364,5.364,5.259,5.2705
1210622,1600,5.252,5.256,5.191,5.223
1210623,1600,5.207,5.238,5.207,5.2185
1210624,1600,5.21,5.246,5.21,5.243
1210625,1600,5.252,5.255,5.188,5.191
1210628,1600,5.183,5.242,5.183,5.242
1210629,1600,5.243,5.25,5.222,5.2385
1210630,1600,5.25,5.291,5.249,5.2865
1210701,1600,5.255,5.275,5.242,5.255
1210702,1600,5.273,5.311,5.273,5.289
1210705,1600,5.29,5.302,5.288,5.291
1210706,1600,5.283,5.377,5.276,5.358
1210707,1600,5.362,5.425,5.358,5.403
1210708,1600,5.46,5.495,5.444,5.435
1210709,1600,5.386,5.386,5.363,5.368
1210712,1600,5.371,5.396,5.36,5.36
1210713,1600,5.362,5.385,5.349,5.373
1210714,1600,5.328,5.362,5.314,5.362
1210715,1600,5.411,5.416,5.38,5.3965
1210716,1600,5.406,5.41,5.3903,5.408
1210719,1600,5.436,5.558,5.436,5.521
1210720,1600,5.494,5.585,5.494,5.495
1210721,1600,5.472,5.509,5.409,5.409
1210722,1600,5.443,5.46,5.391,5.4625
1210723,1600,5.446,5.446,5.405,5.4155
1210726,1600,5.475,5.503,5.431,5.432
1210727,1600,5.429,5.471,5.425,5.471
1210728,1600,5.469,5.469,5.429,5.44
1210729,1600,5.462,5.465,5.43,5.453
1210730,1600,5.458,5.473,5.456,5.4715
1210802,1600,5.468,5.52,5.444,5.52
1210803,1600,5.509,5.533,5.494,5.518
1210804,1600,5.517,5.55,5.486,5.508
1210805,1600,5.526,5.547,5.496,5.496
1210806,1600,5.479,5.485,5.414,5.4175
1210809,1600,5.422,5.431,5.406,5.406
1210810,1600,5.416,5.416,5.37,5.368
1210811,1600,5.36,5.363,5.343,5.3405
1210812,1600,5.361,5.369,5.344,5.353
1210813,1600,5.374,5.413,5.372,5.4125
1210816,1600,5.45,5.477,5.438,5.472
1210817,1600,5.485,5.486,5.453,5.4435
1210818,1600,5.453,5.46,5.436,5.4415
1210819,1600,5.511,5.522,5.488,5.5035
1210820,1600,5.515,5.526,5.504,5.5055
1210823,1600,5.502,5.505,5.481,5.4965
1210824,1600,5.479,5.495,5.47,5.4775
1210825,1600,5.46,5.465,5.422,5.422
1210826,1600,5.416,5.421,5.402,5.4195
1210827,1600,5.419,5.449,5.419,5.4435
1210831,1600,5.48,5.49,5.454,5.454
1210901,1600,5.412,5.467,5.412,5.453
1210902,1600,5.463,5.473,5.452,5.4605
1210903,1600,5.467,5.476,5.425,5.431
1210906,1600,5.407,5.445,5.407,5.423
1210907,1600,5.429,5.429,5.379,5.385
1210908,1600,5.399,5.42,5.399,5.403
1210909,1600,5.42,5.442,5.42,5.44
1210910,1600,5.463,5.467,5.442,5.442
1210913,1600,5.463,5.463,5.463,5.463
1210914,1600,5.471,5.545,5.452,5.524
1210915,1600,5.53,5.555,5.515,5.5055
1210916,1600,5.5,5.51,5.477,5.491
1210917,1600,5.493,5.506,5.454,5.46
1210920,1600,5.481,5.532,5.481,5.513
1210921,1600,5.51,5.526,5.496,5.525
1210922,1600,5.512,5.531,5.504,5.531
1210923,1600,5.536,5.539,5.441,5.441
1210924,1600,5.418,5.448,5.39,5.392
1210927,1600,5.389,5.389,5.325,5.374
1210928,1600,5.33,5.33,5.262,5.303
1210929,1600,5.303,5.318,5.285,5.302
1210930,1600,5.282,5.303,5.264,5.268
1211001,1600,5.322,5.329,5.287,5.29
1211004,1600,5.325,5.325,5.285,5.3135
1211005,1600,5.308,5.3226,5.276,5.2675
1211006,1600,5.228,5.298,5.221,5.298
1211007,1600,5.277,5.295,5.242,5.241
1211008,1600,5.238,5.238,5.191,5.191
1211011,1600,5.184,5.1947,5.163,5.192
1211012,1600,5.212,5.25,5.206,5.2315
1211013,1600,5.256,5.307,5.256,5.3055
1211014,1600,5.294,5.333,5.294,5.332
1211015,1600,5.326,5.326,5.299,5.308
1211018,1600,5.301,5.337,5.291,5.332
1211019,1600,5.343,5.344,5.284,5.281
1211020,1600,5.251,5.2707,5.249,5.248
1211021,1600,5.255,5.255,5.208,5.2275
1211022,1600,5.253,5.274,5.23,5.2645
1211025,1600,5.265,5.279,5.246,5.277
1211026,1600,5.279,5.296,5.27,5.288
1211027,1600,5.33,5.381,5.3237,5.376
1211028,1600,5.378,5.415,5.378,5.396
1211029,1600,5.368,5.404,5.335,5.408
1211101,1600,5.393,5.399,5.3394,5.354
1211102,1600,5.377,5.407,5.369,5.386
1211103,1600,5.408,5.42,5.397,5.4025
1211104,1600,5.328,5.384,5.326,5.382
1211105,1600,5.396,5.471,5.396,5.4575
1211108,1600,5.456,5.466,5.44,5.465
1211109,1600,5.477,5.556,5.471,5.556
1211110,1600,5.517,5.527,5.484,5.4745
1211111,1600,5.438,5.45,5.429,5.44
1211112,1600,5.433,5.434,5.41,5.41
1211115,1600,5.428,5.436,5.347,5.351
1211116,1600,5.352,5.368,5.346,5.34
1211117,1600,5.321,5.324,5.298,5.314
1211118,1600,5.371,5.378,5.347,5.374
1211119,1600,5.362,5.44,5.358,5.44
1211122,1600,5.434,5.437,5.392,5.396
1211123,1600,5.372,5.379,5.337,5.333
1211124,1600,5.34,5.348,5.304,5.348
1211125,1600,5.357,5.382,5.357,5.375
1211126,1600,5.467,5.489,5.438,5.4965
1211129,1600,5.496,5.496,5.443,5.476
1211130,1600,5.515,5.557,5.512,5.557
1211201,1600,5.56,5.56,5.509,5.516
1211202,1600,5.565,5.613,5.565,5.597
1211203,1600,5.585,5.598,5.56,5.6235
1211206,1600,5.642,5.659,5.626,5.6275
1211207,1600,5.577,5.587,5.543,5.582
1211208,1600,5.563,5.587,5.46,5.472
1211209,1600,5.475,5.4925,5.463,5.482
1211210,1600,5.48,5.511,5.448,5.4975
1211213,1600,5.456,5.54,5.444,5.537
1211214,1600,5.531,5.542,5.488,5.518
1211215,1600,5.524,5.536,5.49,5.513
1211216,1600,5.429,5.448,5.379,5.407
1211217,1600,5.431,5.4866,5.425,5.464
1211220,1600,5.502,5.512,5.469,5.469
1211221,1600,5.451,5.451,5.368,5.368
1211222,1600,5.408,5.435,5.408,5.435
1211223,1600,5.452,5.452,5.382,5.395
1211224,1600,5.385,5.396,5.385,5.3905
1211229,1600,5.399,5.399,5.323,5.328
1211230,1600,5.343,5.352,5.332,5.342
1211231,1600,5.376,5.379,5.376,5.384
1220104,1600,5.278,5.278,5.191,5.194
1220105,1600,5.237,5.24,5.221,5.2145
1220106,1600,5.17,5.18,5.154,5.1805
1220107,1600,5.2,5.208,5.15,5.1475
1220110,1600,5.142,5.167,5.139,5.158
1220111,1600,5.207,5.212,5.192,5.201
1220112,1600,5.213,5.226,5.195,5.21
1220113,1600,5.186,5.214,5.186,5.2035
1220114,1600,5.2,5.231,5.19,5.1875
1220117,1600,5.138,5.143,5.123,5.137
1220118,1600,5.135,5.153,5.094,5.115
1220119,1600,5.078,5.119,5.07,5.119
1220120,1600,5.128,5.14,5.125,5.128
1220121,1600,5.175,5.226,5.165,5.1895
1220124,1600,5.203,5.245,5.201,5.226
1220125,1600,5.19,5.209,5.148,5.181
1220126,1600,5.169,5.174,5.152,5.16
1220127,1600,5.151,5.196,5.139,5.1925
1220128,1600,5.156,5.181,5.144,5.189
1220131,1600,5.191,5.2,5.166,5.1685
1220201,1600,5.17,5.215,5.127,5.142
1220202,1600,5.138,5.198,5.138,5.198
1220203,1600,5.171,5.177,5.1,5.114
1220204,1600,5.134,5.163,5.055,5.06
1220207,1600,5.079,5.085,5.049,5.05
1220208,1600,5.047,5.052,5.018,5.03
1220209,1600,5.066,5.066,5.045,5.057
1220210,1600,5.047,5.054,4.967,4.967
1220211,1600,5.021,5.028,4.9245,4.9245
1220214,1600,5.051,5.056,4.951,4.951
1220215,1600,4.9845,4.9895,4.935,4.9355
1220216,1600,4.923,4.95,4.92,4.9235
1220217,1600,4.949,4.9965,4.939,4.9897
1220218,1600,4.979,5.008,4.968,5.008
1220221,1600,5.0,5.04,4.988,5.022
1220222,1600,5.062,5.062,5.006,5.0245
1220223,1600,4.993,5.004,4.973,5.0023
1220224,1600,5.012,5.096,4.996,4.996
1220225,1600,4.998,5.011,4.9505,4.9773
1220228,1600,5.025,5.049,5.01,5.049
1220301,1600,5.058,5.168,5.058,5.156
1220302,1600,5.177,5.177,5.083,5.0695
1220303,1600,5.004,5.046,4.992,5.037
1220304,1600,5.074,5.12,5.06,5.1235
1220307,1600,5.11,5.124,5.083,5.085
1220308,1600,5.078,5.078,5.0,5.007
1220309,1600,5.017,5.017,4.9745,4.9775
1220310,1600,4.957,4.967,4.878,4.8783
1220311,1600,4.918,4.918,4.877,4.892
1220314,1600,4.877,4.877,4.809,4.809
1220315,1600,4.839,4.839,4.7935,4.803
1220316,1600,4.754,4.806,4.754,4.772
1220317,1600,4.84,4.886,4.8135,4.817
1220318,1600,4.815,4.8515,4.815,4.8265
1220321,1600,4.792,4.8244,4.764,4.766
1220322,1600,4.7155,4.7225,4.68,4.696
1220323,1600,4.6685,4.7035,4.663,4.6997
1220324,1600,4.751,4.762,4.7055,4.7585
1220325,1600,4.748,4.758,4.644,4.6845
1220328,1600,4.673,4.7295,4.668,4.702
1220329,1600,4.6795,4.76,4.676,4.727
1220330,1600,4.767,4.7855,4.7299,4.7865
1220331,1600,4.786,4.8095,4.7685,4.8075
1220401,1600,4.765,4.804,4.7335,4.796
1220404,1600,4.8035,4.813,4.7585,4.7715
1220405,1600,4.777,4.777,4.6715,4.6877
1220406,1600,4.6555,4.656,4.594,4.6285
1220407,1600,4.656,4.657,4.5635,4.577
1220408,1600,4.59,4.5929,4.544,4.5405
1220411,1600,4.507,4.531,4.4829,4.4755
1220412,1600,4.45,4.51,4.4455,4.499
1220413,1600,4.4485,4.51,4.43,4.493
1220414,1600,4.484,4.4905,4.401,4.416
1220419,1600,4.37,4.37,4.3095,4.3323
1220420,1600,4.3215,4.376,4.3165,4.3605
1220421,1600,4.3945,4.4025,4.341,4.3538
1220422,1600,4.382,4.382,4.348,4.372
1220425,1600,4.4045,4.4215,4.39,4.4193
1220426,1600,4.396,4.462,4.396,4.451
1220427,1600,4.431,4.4565,4.421,4.3942
1220428,1600,4.396,4.396,4.3375,4.3653
1220429,1600,4.39,4.394,4.323,4.347
1220503,1600,4.2655,4.334,4.264,4.317
1220504,1600,4.301,4.316,4.272,4.2913
1220505,1600,4.272,4.29,4.1705,4.1638
1220506,1600,4.1785,4.183,4.145,4.149
1220509,1600,4.116,4.116,4.0665,4.1265
1220510,1600,4.12,4.236,4.12,4.2405
1220511,1600,4.233,4.246,4.1515,4.2292
1220512,1600,4.29,4.335,4.2785,4.2962
1220513,1600,4.2595,4.268,4.2339,4.2385
1220516,1600,4.212,4.2455,4.2068,4.2315
1220517,1600,4.19,4.2055,4.164,4.1702
1220518,1600,4.1485,4.185,4.1365,4.2083
1220519,1600,4.241,4.2891,4.241,4.284
1220520,1600,4.252,4.2835,4.2375,4.2882
1220523,1600,4.28,4.2875,4.267,4.2463
1220524,1600,4.258,4.3345,4.254,4.3295
1220525,1600,4.3185,4.3435,4.3075,4.3298
1220526,1600,4.3385,4.3485,4.2815,4.2818
1220527,1600,4.313,4.3355,4.3074,4.3247
1220530,1600,4.292,4.292,4.269,4.2775
1220531,1600,4.257,4.276,4.2265,4.2267
1220601,1600,4.225,4.2635,4.221,4.218
1220606,1600,4.217,4.217,4.1425,4.146
1220607,1600,4.142,4.1925,4.142,4.1905
1220608,1600,4.17,4.1785,4.158,4.1785
1220609,1600,4.143,4.1686,4.13,4.1435
1220610,1600,4.153,4.21,4.12,4.12
1220613,1600,4.1,4.1185,4.0,4.0
1220614,1600,4.053,4.0655,3.974,3.974
1220615,1600,3.9705,4.0145,3.9705,3.9705
1220616,1600,3.954,3.954,3.8685,3.9448
1220617,1600,3.9945,4.033,3.9755,4.032
1220620,1600,4.0135,4.0205,3.974,3.9673
1220621,1600,3.964,3.98,3.953,3.9697
1220622,1600,3.996,4.0535,3.993,4.036
1220623,1600,4.07,4.117,4.0605,4.1005
1220624,1600,4.096,4.1025,4.045,4.043
1220627,1600,4.009,4.0165,3.98,3.9945
1220628,1600,3.9945,3.9945,3.9565,3.9903
1220629,1600,4.02,4.0595,4.0175,4.0627
1220630,1600,4.083,4.1365,4.083,4.1308
1220701,1600,4.117,4.205,4.1,4.155
1220704,1600,4.1225,4.148,4.1175,4.1198
1220705,1600,4.102,4.1955,4.102,4.1985
1220706,1600,4.19,4.2285,4.151,4.1318
1220707,1600,4.1285,4.1285,4.0925,4.1017
1220708,1600,4.102,4.1055,4.0305,4.033
1220711,1600,4.044,4.1085,4.044,4.1025
1220712,1600,4.14,4.1695,4.137,4.154
1220713,1600,4.1115,4.1565,4.0745,4.1293
1220714,1600,4.132,4.1605,4.116,4.1508
1220715,1600,4.179,4.1835,4.1575,4.1735
1220718,1600,4.168,4.168,4.104,4.104
1220719,1600,4.118,4.1295,4.0795,4.112
1220720,1600,4.1245,4.15,4.109,4.106
1220721,1600,4.0865,4.1555,4.0775,4.1545
1220722,1600,4.18,4.2625,4.175,4.2465
1220725,1600,4.222,4.224,4.1845,4.2067
1220726,1600,4.2385,4.2615,4.2325,4.235
1220727,1600,4.204,4.24,4.2,4.233
1220728,1600,4.1725,4.2565,4.1625,4.252
1220729,1600,4.22,4.2545,4.1725,4.2545
1220801,1600,4.2135,4.2955,4.2055,4.291
1220802,1600,4.3315,4.3535,4.2845,4.285
1220803,1600,4.248,4.251,4.183,4.2155
1220804,1600,4.2685,4.306,4.2265,4.266
1220805,1600,4.257,4.272,4.1635,4.1638
1220808,1600,4.203,4.24,4.203,4.2315
1220809,1600,4.247,4.252,4.219,4.2375
1220810,1600,4.2505,4.2565,4.223,4.2133
1220811,1600,4.21,4.2295,4.139,4.1448
1220812,1600,4.108,4.135,4.0995,4.129
1220815,1600,4.139,4.175,4.13,4.1705
1220816,1600,4.1655,4.1665,4.1005,4.1305
1220817,1600,4.1535,4.1535,4.11,4.1075
1220818,1600,4.1185,4.144,4.1113,4.1353
1220819,1600,4.08,4.0935,4.043,4.0443
1220822,1600,4.0715,4.0735,4.021,4.02
1220823,1600,4.044,4.06,4.0015,4.055
1220824,1600,4.0245,4.035,3.98,4.0015
1220825,1600,3.985,4.022,3.975,4.0165
1220826,1600,4.0195,4.0535,4.0015,4.0592
1220830,1600,4.06,4.07,4.0194,4.0388
1220831,1600,4.045,4.0495,4.01,4.042
1220901,1600,3.992,3.992,3.9035,3.9262
1220902,1600,3.9445,3.95,3.9145,3.937
1220905,1600,3.939,3.939,3.918,3.9343
1220906,1600,3.9145,3.9335,3.854,3.8775
1220907,1600,3.8505,3.8885,3.85,3.8855
1220908,1600,3.911,3.9435,3.89,3.9048
1220909,1600,3.882,3.902,3.864,3.885
1220912,1600,3.883,3.8958,3.883,3.891
1220913,1600,3.8575,3.876,3.8,3.8238
1220914,1600,3.84,3.8705,3.826,3.871
1220915,1600,3.848,3.868,3.843,3.8617
1220916,1600,3.858,3.865,3.819,3.839
1220920,1600,3.842,3.842,3.772,3.792
1220921,1600,3.825,3.8302,3.8075,3.8098
1220922,1600,3.84,3.8735,3.75,3.7597
1220923,1600,3.7645,3.78,3.72,3.7403
1220926,1600,3.733,3.768,3.7305,3.768
1220927,1600,3.721,3.727,3.628,3.6298
1220928,1600,3.586,3.7135,3.5715,3.7125
1220929,1600,3.71,3.71,3.6495,3.701
1220930,1600,3.7245,3.7505,3.691,3.707
1221003,1600,3.6755,3.7445,3.6681,3.7365
1221004,1600,3.747,3.75,3.6945,3.7108
1221005,1600,3.702,3.702,3.638,3.67
1221006,1600,3.6615,3.6725,3.6345,3.6535
1221007,1600,3.647,3.6515,3.6,3.6163
1221010,1600,3.613,3.6195,3.541,3.542
1221011,1600,3.555,3.59,3.54,3.5785
1221012,1600,3.575,3.575,3.544,3.5763
1221013,1600,3.571,3.6005,3.508,3.5528
1221014,1600,3.582,3.5995,3.526,3.516
1221017,1600,3.534,3.5605,3.5325,3.5425
1221018,1600,3.506,3.5155,3.481,3.478
1221019,1600,3.483,3.4895,3.467,3.4597
1221020,1600,3.44,3.4455,3.417,3.424
1221021,1600,3.368,3.3805,3.3045,3.3325
1221024,1600,3.371,3.371,3.2945,3.315
1221025,1600,3.341,3.397,3.3215,3.3898
1221026,1600,3.4205,3.4465,3.4065,3.4425
1221027,1600,3.431,3.49,3.4115,3.49
1221028,1600,3.506,3.506,3.4325,3.4622
1221031,1600,3.45,3.45,3.43,3.443
1221101,1600,3.453,3.494,3.449,3.4605
1221102,1600,3.467,3.482,3.4585,3.482
1221103,1600,3.427,3.434,3.387,3.4245
1221104,1600,3.405,3.4255,3.3745,3.3923
1221107,1600,3.375,3.4005,3.3515,3.365
1221108,1600,3.339,3.3815,3.33,3.3815
1221109,1600,3.39,3.39,3.358,3.3865
1221110,1600,3.385,3.504,3.3725,3.49
1221111,1600,3.482,3.496,3.467,3.4887
1221114,1600,3.486,3.506,3.4685,3.475
1221115,1600,3.49,3.534,3.487,3.53
1221116,1600,3.5205,3.571,3.512,3.567
1221117,1600,3.61,3.6125,3.5525,3.5768
1221118,1600,3.6005,3.6005,3.562,3.5587
1221121,1600,3.567,3.5905,3.5523,3.5838
1221122,1600,3.578,3.598,3.57,3.5995
1221123,1600,3.6075,3.657,3.6075,3.65
1221124,1600,3.663,3.702,3.663,3.68
1221125,1600,3.6885,3.6885,3.643,3.643
1221128,1600,3.696,3.709,3.66,3.66
1221129,1600,3.6985,3.6985,3.6345,3.6595
1221130,1600,3.6395,3.648,3.61,3.6225
1221201,1600,3.683,3.7203,3.6755,3.702
1221202,1600,3.749,3.766,3.705,3.7532
1221205,1600,3.775,3.8105,3.74,3.7692
1221206,1600,3.766,3.8095,3.7635,3.7927
1221207,1600,3.81,3.8825,3.799,3.8582
1221208,1600,3.895,3.898,3.86,3.8795
1221209,1600,3.893,3.893,3.816,3.8205
1221212,1600,3.8285,3.8475,3.8,3.802
1221213,1600,3.804,3.895,3.8,3.8568
1221214,1600,3.854,3.8595,3.8175,3.825
1221215,1600,3.787,3.823,3.76,3.809
1221216,1600,3.788,3.788,3.7445,3.7695
1221219,1600,3.753,3.7545,3.6905,3.698
1221220,1600,3.6695,3.6695,3.631,3.6395
1221221,1600,3.6455,3.6745,3.6305,3.632
1221222,1600,3.6705,3.6785,3.6395,3.649
1221223,1600,3.6355,3.6415,3.6225,3.625
1221228,1600,3.55,3.56,3.4965,3.5022
1221229,1600,3.519,3.5335,3.5095,3.5303
1221230,1600,3.537,3.546,3.527,3.539
1230103,1600,3.537,3.598,3.524,3.5605
1230104,1600,3.6195,3.6405,3.6095,3.61
1230105,1600,3.624,3.624,3.575,3.6155
1230106,1600,3.6305,3.6935,3.599,3.688
1230109,1600,3.6625,3.707,3.656,3.7115
1230110,1600,3.705,3.7135,3.648,3.6465
1230111,1600,3.6785,3.696,3.6725,3.6945
1230112,1600,3.732,3.7395,3.62,3.7195
1230113,1600,3.763,3.783,3.7375,3.7595
1230116,1600,3.742,3.746,3.715,3.718
1230117,1600,3.716,3.7385,3.694,3.731
1230118,1600,3.7625,3.8155,3.746,3.778
1230119,1600,3.818,3.826,3.783,3.7973
1230120,1600,3.782,3.7865,3.7325,3.7297
1230123,1600,3.7295,3.737,3.6995,3.7157
1230124,1600,3.725,3.758,3.6975,3.7562
1230125,1600,3.7715,3.791,3.7455,3.7455
1230126,1600,3.771,3.7725,3.729,3.746
1230127,1600,3.738,3.7435,3.7155,3.744
1230130,1600,3.789,3.789,3.7245,3.735
1230131,1600,3.749,3.761,3.7165,3.7395
1230201,1600,3.7565,3.7855,3.747,3.7555
1230202,1600,3.8,3.8425,3.791,3.8335
1230203,1600,3.821,3.8215,3.731,3.7425
1230206,1600,3.752,3.7555,3.713,3.736
1230207,1600,3.718,3.727,3.6975,3.7215
1230208,1600,3.7045,3.71,3.6705,3.6753
1230209,1600,3.707,3.7475,3.707,3.7355
1230210,1600,3.68,3.6855,3.64,3.6428
1230213,1600,3.629,3.6615,3.629,3.648
1230214,1600,3.675,3.688,3.63,3.6325
1230215,1600,3.6565,3.674,3.619,3.619
1230216,1600,3.6305,3.6305,3.57,3.5877
1230217,1600,3.545,3.573,3.53,3.564
1230220,1600,3.5805,3.5895,3.5705,3.5823
1230221,1600,3.5725,3.5775,3.5205,3.5452
1230222,1600,3.539,3.5645,3.5165,3.5593
1230223,1600,3.5535,3.589,3.534,3.589
1230224,1600,3.586,3.5868,3.546,3.5538
1230227,1600,3.553,3.5585,3.52,3.5415
1230228,1600,3.5345,3.5485,3.518,3.543
1230301,1600,3.54,3.5685,3.518,3.5238
1230302,1600,3.511,3.5185,3.4835,3.485
1230303,1600,3.515,3.5605,3.515,3.5525
1230306,1600,3.588,3.6115,3.5755,3.5755
1230307,1600,3.572,3.596,3.5475,3.5805
1230308,1600,3.57,3.62,3.563,3.5982
1230309,1600,3.568,3.58,3.5555,3.567
1230310,1600,3.648,3.7155,3.616,3.675
1230313,1600,3.685,3.825,3.685,3.7568
1230314,1600,3.74,3.7433,3.65,3.6685
1230315,1600,3.658,3.784,3.65,3.771
1230316,1600,3.729,3.789,3.72,3.723
1230317,1600,3.722,3.7775,3.7105,3.761
1230320,1600,3.797,3.8095,3.728,3.735
1230321,1600,3.721,3.721,3.677,3.6862
1230322,1600,3.6875,3.6965,3.6625,3.7005
1230323,1600,3.717,3.724,3.68,3.6975
1230324,1600,3.725,3.7745,3.725,3.745
1230327,1600,3.741,3.75,3.6805,3.698
1230328,1600,3.669,3.673,3.6505,3.6688
1230329,1600,3.66,3.6685,3.6345,3.656
1230330,1600,3.6745,3.6875,3.6535,3.6725
1230331,1600,3.6725,3.7095,3.661,3.704
1230403,1600,3.74,3.769,3.686,3.767
1230404,1600,3.746,3.784,3.7145,3.7805
1230405,1600,3.77,3.8175,3.7685,3.797
1230406,1600,3.8045,3.822,3.8,3.8203
1230411,1600,3.83,3.83,3.75,3.7535
1230412,1600,3.76,3.7805,3.74,3.759
1230413,1600,3.76,3.776,3.741,3.746
1230414,1600,3.7275,3.7305,3.6875,3.6905
1230417,1600,3.693,3.6975,3.6475,3.655
1230418,1600,3.6485,3.672,3.6405,3.663
1230419,1600,3.6475,3.6505,3.6345,3.6365
1230420,1600,3.6745,3.69,3.6665,3.6867
1230421,1600,3.6955,3.6995,3.664,3.6695
1230424,1600,3.681,3.706,3.6785,3.7018
1230425,1600,3.717,3.76,3.715,3.751
1230426,1600,3.747,3.7585,3.736,3.736
1230427,1600,3.7085,3.7135,3.679,3.68
1230428,1600,3.69,3.7345,3.69,3.7325
1230502,1600,3.672,3.7125,3.656,3.711
1230503,1600,3.7245,3.7515,3.72,3.7485
1230504,1600,3.731,3.743,3.698,3.734
1230505,1600,3.702,3.702,3.6655,3.6732
1230509,1600,3.654,3.664,3.6375,3.6375
1230510,1600,3.634,3.6655,3.63,3.6545
1230511,1600,3.671,3.7115,3.6615,3.6895
1230512,1600,3.69,3.703,3.675,3.689
1230515,1600,3.657,3.657,3.627,3.634
1230516,1600,3.6515,3.6515,3.59,3.5977
1230517,1600,3.624,3.63,3.612,3.612
1230518,1600,3.612,3.612,3.577,3.5838
1230519,1600,3.588,3.593,3.549,3.571
1230522,1600,3.5735,3.5775,3.5365,3.5435
1230523,1600,3.541,3.5495,3.5175,3.5338
1230524,1600,3.535,3.57,3.535,3.5522
1230525,1600,3.526,3.5357,3.5165,3.5247
1230526,1600,3.5245,3.5345,3.51,3.5185
1230530,1600,3.565,3.584,3.56,3.584
1230531,1600,3.61,3.61,3.58,3.602
1230601,1600,3.597,3.6395,3.5915,3.626
1230602,1600,3.634,3.6395,3.6015,3.6065
1230605,1600,3.572,3.6025,3.5535,3.5938
1230606,1600,3.589,3.6036,3.5795,3.5912
1230607,1600,3.612,3.62,3.5735,3.5717
1230608,1600,3.547,3.579,3.5335,3.577
1230609,1600,3.581,3.5915,3.568,3.5885
1230612,1600,3.588,3.6135,3.563,3.5735
1230613,1600,3.597,3.6315,3.5635,3.5635
1230614,1600,3.5725,3.5875,3.5595,3.5872
1230615,1600,3.517,3.5815,3.51,3.558
1230616,1600,3.539,3.5675,3.527,3.55
1230619,1600,3.5545,3.5545,3.5115,3.514
1230620,1600,3.5235,3.5815,3.5235,3.5755
1230621,1600,3.5625,3.5765,3.539,3.539
1230622,1600,3.5685,3.575,3.5415,3.5438
1230623,1600,3.5375,3.5935,3.5375,3.5675
1230626,1600,3.58,3.6045,3.567,3.5795
1230627,1600,3.568,3.592,3.556,3.5522
1230628,1600,3.5585,3.581,3.5565,3.5652
1230629,1600,3.5705,3.5705,3.507,3.518
1230630,1600,3.5115,3.5495,3.4992,3.5495
1230703,1600,3.5475,3.575,3.535,3.5455
1230704,1600,3.5425,3.55,3.5265,3.5417
1230705,1600,3.532,3.5455,3.5135,3.5127
1230706,1600,3.4975,3.4975,3.4435,3.4465
1230707,1600,3.465,3.465,3.422,3.4385
1230710,1600,3.4255,3.441,3.408,3.439
1230711,1600,3.451,3.4615,3.4375,3.447
1230712,1600,3.4595,3.477,3.4525,3.4843
1230713,1600,3.495,3.5145,3.495,3.5103
1230714,1600,3.5155,3.532,3.5135,3.5173
1230717,1600,3.52,3.5335,3.497,3.498
1230718,1600,3.523,3.5315,3.523,3.5268
1230719,1600,3.5415,3.5515,3.525,3.5285
1230720,1600,3.55,3.5545,3.514,3.5145
1230721,1600,3.5245,3.54,3.517,3.5345
1230724,1600,3.521,3.544,3.5145,3.5168
1230725,1600,3.5055,3.507,3.4865,3.5043
1230726,1600,3.5055,3.519,3.4955,3.5097
1230727,1600,3.513,3.513,3.462,3.467
1230728,1600,3.43,3.455,3.414,3.451
1230731,1600,3.4535,3.466,3.4345,3.4602
1230801,1600,3.461,3.4615,3.4055,3.4055
1230802,1600,3.41,3.41,3.346,3.3472
1230803,1600,3.351,3.3935,3.278,3.2935
1230804,1600,3.3025,3.333,3.2825,3.334
1230807,1600,3.3395,3.3405,3.3075,3.3265
1230808,1600,3.3565,3.3795,3.355,3.3605
1230809,1600,3.363,3.374,3.345,3.373
1230810,1600,3.367,3.402,3.3595,3.3565
1230811,1600,3.3275,3.3275,3.2995,3.3112
1230814,1600,3.3055,3.3195,3.292,3.3147
1230815,1600,3.3055,3.3055,3.264,3.294
1230816,1600,3.29,3.2935,3.265,3.2822
1230817,1600,3.2425,3.245,3.225,3.237
1230818,1600,3.27,3.2705,3.234,3.2575
1230821,1600,3.2245,3.23,3.197,3.2008
1230822,1600,3.208,3.2265,3.204,3.2225
1230823,1600,3.2485,3.284,3.2485,3.2762
1230824,1600,3.314,3.3195,3.289,3.2975
1230825,1600,3.285,3.297,3.2755,3.2987
1230829,1600,3.312,3.33,3.284,3.33
1230830,1600,3.3305,3.34,3.3105,3.334
1230831,1600,3.34,3.356,3.3355,3.353
1230901,1600,3.3375,3.3495,3.295,3.299
1230904,1600,3.2945,3.2945,3.286,3.289
1230905,1600,3.279,3.2825,3.2545,3.256
1230906,1600,3.2545,3.2695,3.247,3.2505
1230907,1600,3.26,3.2695,3.2545,3.259
1230908,1600,3.2835,3.2905,3.264,3.2817
1230911,1600,3.2605,3.265,3.2465,3.2555
1230912,1600,3.253,3.27,3.249,3.2545
1230913,1600,3.2635,3.2695,3.2445,3.264
1230914,1600,3.2815,3.2815,3.2485,3.2513
1230915,1600,3.2495,3.2495,3.228,3.2343
1230918,1600,3.2265,3.2335,3.22,3.232
1230919,1600,3.242,3.245,3.22,3.234
1230920,1600,3.2305,3.244,3.225,3.24
1230921,1600,3.2055,3.208,3.1485,3.153
1230922,1600,3.145,3.1725,3.139,3.172
1230925,1600,3.1535,3.155,3.105,3.109
1230926,1600,3.091,3.125,3.081,3.0885
1230927,1600,3.1015,3.1105,3.076,3.0775
1230928,1600,3.0625,3.065,3.019,3.0475
1230929,1600,3.079,3.1025,3.0691,3.0805
1231002,1600,3.058,3.0635,3.027,3.0343
1231003,1600,3.024,3.0315,2.9625,2.9625
1231004,1600,2.922,2.997,2.922,2.9845
1231005,1600,2.9875,2.9955,2.9636,2.984
1231006,1600,2.9775,2.981,2.902,2.9648
1231009,1600,2.9625,2.978,2.947,2.9832
1231010,1600,3.0115,3.0135,2.9726,3.0135
1231011,1600,3.0215,3.0715,3.02,3.066
1231012,1600,3.09,3.09,3.0235,3.0235
1231013,1600,3.021,3.0575,3.0115,3.038
1231016,1600,3.016,3.016,2.986,2.9965
1231017,1600,2.975,2.9835,2.935,2.958
1231018,1600,2.956,2.963,2.913,2.92
1231019,1600,2.9095,2.925,2.892,2.9125
1231020,1600,2.898,2.9035,2.8575,2.893
1231023,1600,2.872,2.9305,2.8445,2.9305
1231024,1600,2.9555,2.9565,2.92,2.9297
1231025,1600,2.9535,2.9535,2.903,2.904
1231026,1600,2.8755,2.914,2.8725,2.9085
1231027,1600,2.926,2.9315,2.909,2.9195
1231030,1600,2.9505,2.9505,2.89,2.904
1231031,1600,2.943,2.9535,2.9275,2.9272
1231101,1600,2.902,2.9635,2.896,2.9465
1231102,1600,2.9685,3.0405,2.9685,3.0085
1231103,1600,3.0225,3.0975,3.0225,3.0715
1231106,1600,3.049,3.051,3.02,3.019
1231107,1600,3.0245,3.0655,3.021,3.058
1231108,1600,3.055,3.103,3.0525,3.098
1231109,1600,3.116,3.116,3.0765,3.0755
1231110,1600,3.0655,3.0765,3.0355,3.064
1231113,1600,3.0525,3.0605,3.0225,3.0475
1231114,1600,3.0585,3.1325,3.053,3.1215
1231115,1600,3.122,3.126,3.078,3.079
1231116,1600,3.1,3.131,3.095,3.107
1231117,1600,3.1165,3.147,3.1155,3.118
1231120,1600,3.1215,3.1275,3.106,3.1215
1231121,1600,3.1605,3.166,3.1355,3.1455
1231122,1600,3.1505,3.17,3.139,3.1477
1231123,1600,3.154,3.16,3.1335,3.1383
1231124,1600,3.129,3.135,3.1175,3.125
1231127,1600,3.129,3.151,3.1155,3.1423
1231128,1600,3.1655,3.172,3.1495,3.1695
1231129,1600,3.1975,3.2125,3.18,3.198
1231130,1600,3.2175,3.219,3.1815,3.192
1231201,1600,3.187,3.2105,3.175,3.2105
1231204,1600,3.2315,3.2375,3.209,3.209
1231205,1600,3.24,3.2925,3.234,3.2898
1231206,1600,3.294,3.3375,3.2805,3.3295
1231207,1600,3.3145,3.3334,3.308,3.329
1231208,1600,3.3205,3.3205,3.269,3.276
1231211,1600,3.281,3.285,3.2645,3.2752
1231212,1600,3.3,3.3325,3.274,3.285
1231213,1600,3.3085,3.32,3.301,3.3185
1231214,1600,3.34,3.3775,3.3295,3.3775
1231215,1600,3.38,3.4,3.3605,3.396
1231218,1600,3.3905,3.4075,3.3565,3.3685
1231219,1600,3.3875,3.4005,3.3805,3.3905
1231220,1600,3.396,3.406,3.376,3.376
1231221,1600,3.4025,3.4195,3.39,3.404
1231222,1600,3.39,3.4098,3.3759,3.406
1231227,1600,3.392,3.418,3.3915,3.4175
1231228,1600,3.43,3.435,3.4165,3.4223
1231229,1600,3.4175,3.4175,3.379,3.39
1240102,1600,3.381,3.449,3.3395,3.3655
1240103,1600,3.3515,3.352,3.326,3.3452
1240104,1600,3.3625,3.3715,3.3225,3.3345
1240105,1600,3.317,3.3393,3.27,3.323
1240108,1600,3.293,3.328,3.28,3.328
1240109,1600,3.3045,3.3175,3.2885,3.309
1240110,1600,3.3105,3.3244,3.2982,3.298
1240111,1600,3.314,3.318,3.2685,3.2792
1240112,1600,3.302,3.3225,3.2885,3.3075
1240115,1600,3.2885,3.2955,3.278,3.29
1240116,1600,3.28,3.2855,3.247,3.2555
1240117,1600,3.235,3.2595,3.2175,3.2405
1240118,1600,3.242,3.244,3.2105,3.212
1240119,1600,3.2005,3.2145,3.1855,3.207
1240122,1600,3.2295,3.2485,3.218,3.239
1240123,1600,3.2275,3.2275,3.1938,3.194
1240124,1600,3.219,3.2305,3.1963,3.1995
1240125,1600,3.2005,3.215,3.19,3.213
1240126,1600,3.2215,3.2215,3.196,3.2105
1240129,1600,3.2235,3.2305,3.2135,3.228
1240130,1600,3.254,3.2645,3.24,3.248
1240131,1600,3.285,3.3105,3.267,3.2975
1240201,1600,3.3085,3.3785,3.3,3.369
1240202,1600,3.3435,3.3595,3.2755,3.2825
1240205,1600,3.2705,3.276,3.2195,3.2255
1240206,1600,3.231,3.248,3.22,3.2465
1240207,1600,3.248,3.2575,3.2315,3.248
1240208,1600,3.24,3.241,3.206,3.208
1240209,1600,3.218,3.236,3.206,3.2125
1240212,1600,3.224,3.2265,3.198,3.2045
1240213,1600,3.21,3.25,3.169,3.178
1240214,1600,3.1725,3.174,3.15,3.174
1240215,1600,3.1945,3.22,3.1835,3.185
1240216,1600,3.18,3.184,3.1565,3.1677
1240219,1600,3.169,3.169,3.1575,3.16
1240220,1600,3.1685,3.187,3.1645,3.187
1240221,1600,3.17,3.1833,3.1665,3.169
1240222,1600,3.1595,3.1715,3.1445,3.169
1240223,1600,3.17,3.204,3.1585,3.204
1240226,1600,3.2315,3.2315,3.197,3.1975
1240227,1600,3.209,3.2125,3.1855,3.193
1240228,1600,3.188,3.1965,3.178,3.1855
1240229,1600,3.1965,3.224,3.179,3.224
1240301,1600,3.213,3.24,3.1935,3.2297
1240304,1600,3.23,3.236,3.214,3.2215
1240305,1600,3.239,3.275,3.232,3.2655
1240306,1600,3.2615,3.2845,3.2495,3.28
1240307,1600,3.285,3.32,3.2805,3.283
1240308,1600,3.299,3.3045,3.276,3.2805
1240311,1600,3.293,3.3005,3.277,3.283
1240312,1600,3.282,3.293,3.249,3.253
1240313,1600,3.2645,3.2645,3.2295,3.234
1240314,1600,3.231,3.2395,3.186,3.191
1240315,1600,3.1965,3.207,3.182,3.1925
1240318,1600,3.1915,3.192,3.174,3.181
1240319,1600,3.183,3.187,3.176,3.1815
1240320,1600,3.193,3.198,3.1885,3.197
1240321,1600,3.1945,3.2105,3.1775,3.1905
1240322,1600,3.1995,3.2305,3.1995,3.2208
1240325,1600,3.22,3.2255,3.204,3.204
1240326,1600,3.212,3.2185,3.199,3.2088
1240327,1600,3.2185,3.238,3.212,3.236
1240328,1600,3.253,3.2575,3.23,3.2535
1240402,1600,3.1835,3.1895,3.129,3.1555
1240403,1600,3.165,3.1665,3.1285,3.145
1240404,1600,3.158,3.187,3.15,3.17
1240405,1600,3.179,3.1805,3.139,3.1505
1240408,1600,3.1285,3.147,3.115,3.138
1240409,1600,3.147,3.17,3.1425,3.1665
1240410,1600,3.165,3.18,3.111,3.1245
1240411,1600,3.096,3.1115,3.075,3.0752
1240412,1600,3.093,3.124,3.087,3.11
1240415,1600,3.089,3.094,3.04,3.0512
1240416,1600,3.045,3.048,3.0145,3.0378
1240417,1600,3.042,3.055,3.032,3.0498
1240418,1600,3.072,3.076,3.05,3.0535
1240419,1600,3.0865,3.0865,3.0525,3.063
1240422,1600,3.0515,3.056,3.0395,3.056
1240423,1600,3.056,3.0715,3.0415,3.0638
1240424,1600,3.047,3.05,3.018,3.031
1240425,1600,3.034,3.0345,2.999,3.011
1240426,1600,3.0315,3.0405,3.0225,3.0308
1240429,1600,3.0465,3.055,3.0365,3.0485
1240430,1600,3.05,3.0565,3.03,3.0365
1240501,1600,3.0285,3.0525,3.022,3.0465
1240502,1600,3.0555,3.0625,3.03,3.0465
1240503,1600,3.0735,3.11,3.055,3.083
1240507,1600,3.1135,3.1395,3.1085,3.1375
1240508,1600,3.1165,3.124,3.106,3.111
1240509,1600,3.1025,3.104,3.087,3.1035
1240510,1600,3.121,3.1275,3.0998,3.0998
1240513,1600,3.11,3.121,3.1015,3.1135
1240514,1600,3.1205,3.123,3.09,3.1145
1240515,1600,3.1305,3.1695,3.1305,3.1655
1240516,1600,3.184,3.1935,3.1665,3.1737
1240517,1600,3.1715,3.1715,3.149,3.152
1240520,1600,3.153,3.153,3.129,3.1332
1240521,1600,3.1325,3.1555,3.1315,3.147
1240522,1600,3.145,3.1525,3.131,3.1485
1240523,1600,3.1515,3.16,3.125,3.126
1240524,1600,3.147,3.147,3.1255,3.137
1240528,1600,3.145,3.148,3.118,3.118
1240529,1600,3.09,3.09,3.06,3.0617
1240530,1600,3.076,3.091,3.067,3.091
1240531,1600,3.0815,3.117,3.0815,3.1112
1240603,1600,3.107,3.157,3.107,3.1542
1240604,1600,3.15,3.193,3.15,3.184
1240605,1600,3.1835,3.2155,3.1835,3.214
1240606,1600,3.217,3.2175,3.2,3.2165
1240607,1600,3.215,3.2255,3.153,3.166
1240610,1600,3.1435,3.1535,3.1325,3.1347
1240611,1600,3.153,3.1535,3.14,3.14
1240612,1600,3.16,3.2345,3.16,3.221
1240613,1600,3.1275,3.158,3.123,3.1505
1240614,1600,3.1645,3.205,3.1645,3.1907
1240617,1600,3.18,3.1865,3.146,3.1525
1240618,1600,3.1705,3.175,3.1535,3.1745
1240619,1600,3.1915,3.203,3.1845,3.194
1240620,1600,3.184,3.19,3.1565,3.16
1240621,1600,3.1715,3.1865,3.1605,3.1605
1240624,1600,3.178,3.178,3.16,3.1655
1240625,1600,3.1805,3.1995,3.172,3.1762
1240626,1600,3.1795,3.1795,3.143,3.145
1240627,1600,3.1345,3.163,3.1285,3.1555
1240628,1600,3.1645,3.1825,3.117,3.132
1240701,1600,3.094,3.094,3.042,3.0465
1240702,1600,3.0635,3.0735,3.05,3.055
1240703,1600,3.0735,3.1085,3.063,3.104
1240704,1600,3.096,3.112,3.0905,3.0985
1240705,1600,3.11,3.1368,3.09,3.1328
1240708,1600,3.1235,3.1365,3.1105,3.133
1240709,1600,3.1255,3.133,3.108,3.113
1240710,1600,3.122,3.1385,3.12,3.122
1240711,1600,3.136,3.1825,3.126,3.1735
1240712,1600,3.1665,3.1665,3.147,3.1645
1240715,1600,3.1515,3.1555,3.13,3.1463
1240716,1600,3.148,3.1721,3.148,3.1688
1240717,1600,3.1845,3.1875,3.167,3.1793
1240718,1600,3.18,3.1805,3.167,3.1785
1240719,1600,3.1575,3.1715,3.136,3.1475
1240722,1600,3.1515,3.166,3.135,3.135
1240723,1600,3.13,3.1465,3.13,3.142
1240724,1600,3.1335,3.1395,3.1175,3.1337
1240725,1600,3.1095,3.1395,3.104,3.1318
1240726,1600,3.1245,3.149,3.112,3.1395
1240729,1600,3.1435,3.168,3.1435,3.1588
1240730,1600,3.1635,3.1675,3.152,3.154
1240731,1600,3.175,3.2045,3.1665,3.2045
1240801,1600,3.213,3.249,3.2065,3.234
1240802,1600,3.2515,3.319,3.248,3.311
1240805,1600,3.3585,3.386,3.3315,3.336
1240806,1600,3.3195,3.3285,3.2965,3.2965
1240807,1600,3.2765,3.277,3.2465,3.256
1240808,1600,3.2615,3.2695,3.22,3.2278
1240809,1600,3.2405,3.2695,3.235,3.2615
1240812,1600,3.2625,3.2675,3.248,3.265
1240813,1600,3.27,3.2935,3.259,3.2887
1240814,1600,3.3005,3.3185,3.29,3.3185
1240815,1600,3.3195,3.32,3.256,3.2725
1240816,1600,3.2845,3.3095,3.2845,3.2852
1240819,1600,3.315,3.315,3.295,3.315
1240820,1600,3.313,3.335,3.3005,3.33
1240821,1600,3.346,3.346,3.323,3.339
1240822,1600,3.3445,3.3445,3.3035,3.313
1240823,1600,3.314,3.337,3.306,3.3295
1240827,1600,3.3315,3.3315,3.295,3.305
1240828,1600,3.307,3.3285,3.307,3.3195
1240829,1600,3.3065,3.323,3.287,3.2898
1240830,1600,3.3025,3.314,3.2965,3.298
1240902,1600,3.263,3.2685,3.2535,3.264
1240903,1600,3.276,3.3245,3.2705,3.316
1240904,1600,3.331,3.3426,3.312,3.337
1240905,1600,3.355,3.371,3.347,3.36
1240906,1600,3.3835,3.4185,3.366,3.4123
1240909,1600,3.37,3.386,3.355,3.381
1240910,1600,3.392,3.413,3.3795,3.41
1240911,1600,3.428,3.439,3.4025,3.4242
1240912,1600,3.4135,3.419,3.3915,3.392
1240913,1600,3.4115,3.422,3.393,3.4
1240916,1600,3.405,3.428,3.404,3.4265
1240917,1600,3.433,3.45,3.4255,3.4318
1240918,1600,3.4175,3.423,3.3935,3.396
1240919,1600,3.39,3.391,3.346,3.359
1240920,1600,3.369,3.381,3.3475,3.3482
1240923,1600,3.342,3.3535,3.3225,3.3325
1240924,1600,3.3275,3.342,3.312,3.3407
1240925,1600,3.35,3.355,3.32,3.3225
1240926,1600,3.33,3.3335,3.3055,3.3163
1240927,1600,3.336,3.3495,3.327,3.3355
1240930,1600,3.34,3.3445,3.322,3.3285
1241001,1600,3.3285,3.374,3.3285,3.3615
1241002,1600,3.3565,3.3565,3.3,3.3138
1241003,1600,3.316,3.326,3.296,3.3015
1241004,1600,3.3025,3.304,3.22,3.2555
1241007,1600,3.258,3.258,3.2235,3.2235
1241008,1600,3.23,3.2385,3.205,3.2215
1241009,1600,3.222,3.235,3.2125,3.2192
1241010,1600,3.211,3.2155,3.1825,3.1965
1241011,1600,3.2005,3.2065,3.1665,3.1892
1241014,1600,3.188,3.188,3.1555,3.1688
1241015,1600,3.1985,3.2215,3.184,3.2162
1241016,1600,3.2475,3.249,3.2305,3.237
1241017,1600,3.2355,3.2355,3.1825,3.192
1241018,1600,3.1735,3.203,3.1655,3.203
1241021,1600,3.19,3.19,3.143,3.1445
1241022,1600,3.1175,3.1465,3.1135,3.124
1241023,1600,3.121,3.1285,3.107,3.1245
1241024,1600,3.1315,3.1505,3.12,3.135
1241025,1600,3.1705,3.1705,3.137,3.1435
1241028,1600,3.118,3.1355,3.1,3.1105
1241029,1600,3.105,3.1295,3.086,3.0925
1241030,1600,3.139,3.16,3.124,3.1475
1241031,1600,3.148,3.148,3.1175,3.1342
1241101,1600,3.142,3.1625,3.098,3.1042
1241104,1600,3.1175,3.147,3.1175,3.135
1241105,1600,3.13,3.1365,3.1175,3.1235
1241106,1600,3.081,3.0875,3.04,3.065
1241107,1600,3.07,3.1045,3.0585,3.0917
1241108,1600,3.118,3.149,3.114,3.129
1241111,1600,3.1255,3.138,3.117,3.1293
1241112,1600,3.134,3.135,3.102,3.11
1241113,1600,3.09,3.118,3.065,3.076
1241114,1600,3.067,3.089,3.041,3.0845
1241115,1600,3.0705,3.082,3.0425,3.0525
1241118,1600,3.0505,3.0615,3.03,3.051
1241119,1600,3.073,3.103,3.073,3.0795
1241120,1600,3.0725,3.0775,3.059,3.0842
1241121,1600,3.0865,3.0935,3.0655,3.0742
1241122,1600,3.079,3.087,3.0645,3.0742
1241125,1600,3.102,3.1412,3.0965,3.1365
1241126,1600,3.1385,3.145,3.1215,3.1312
1241127,1600,3.157,3.163,3.149,3.1625
1241128,1600,3.173,3.173,3.1545,3.1685
1241129,1600,3.172,3.195,3.172,3.182
1241202,1600,3.181,3.209,3.174,3.208
1241203,1600,3.2075,3.2075,3.178,3.1883
1241204,1600,3.1665,3.197,3.154,3.1935
1241205,1600,3.206,3.2145,3.195,3.2118
1241206,1600,3.222,3.235,3.2065,3.21
1241209,1600,3.2155,3.229,3.195,3.1983
1241210,1600,3.1785,3.19,3.1675,3.172
1241211,1600,3.182,3.1825,3.149,3.159
1241212,1600,3.077,3.0835,3.0425,3.045
1241213,1600,3.049,3.0525,3.0125,3.019
1241216,1600,3.027,3.029,3.0012,3.007
1241217,1600,3.0,3.0285,2.9955,3.023
1241218,1600,3.02,3.0225,3.0045,3.016
1241219,1600,2.972,2.9755,2.9325,2.941
1241220,1600,2.944,2.968,2.9375,2.964
1241223,1600,2.966,3.0,2.933,2.9367
1241224,1600,2.935,2.9425,2.919,2.917
1241227,1600,2.92,2.939,2.9105,2.9242
1241230,1600,2.914,2.9435,2.913,2.934
1241231,1600,2.9365,2.9625,2.9365,2.9492
1250102,1600,2.935,2.9535,2.925,2.9285
1250103,1600,2.9545,2.9545,2.92,2.9232
1250106,1600,2.9135,2.9255,2.895,2.9065
1250107,1600,2.905,2.9095,2.8655,2.871
1250108,1600,2.872,2.8755,2.8455,2.8653
1250109,1600,2.883,2.89,2.8695,2.8823
1250110,1600,2.865,2.869,2.825,2.8552
1250113,1600,2.848,2.8625,2.8405,2.847
1250114,1600,2.867,2.872,2.8355,2.8423
1250115,1600,2.8505,2.9035,2.8475,2.8905
1250116,1600,2.895,2.906,2.883,2.901
1250117,1600,2.9175,2.93,2.906,2.906
1250120,1600,2.904,2.919,2.8895,2.9142
1250121,1600,2.927,2.94,2.922,2.933
1250122,1600,2.9325,2.9395,2.918,2.9223
1250123,1600,2.9305,2.9305,2.8935,2.9005
1250124,1600,2.907,2.914,2.893,2.904
1250127,1600,2.9305,2.959,2.9305,2.9418
1250128,1600,2.944,2.944,2.9257,2.9293
1250129,1600,2.9445,2.9585,2.941,2.944
1250130,1600,2.961,2.9675,2.9442,2.945
1250131,1600,2.951,2.958,2.94,2.953
1250203,1600,2.95,2.983,2.9245,2.9605
1250204,1600,2.9355,2.9515,2.92,2.951
1250205,1600,2.965,3.0105,2.9635,3.003
1250206,1600,3.0155,3.02,2.9992,3.001
1250207,1600,3.011,3.031,2.98,2.984
1250210,1600,2.9775,2.995,2.9775,2.9873
1250211,1600,2.978,2.978,2.9585,2.9645
1250212,1600,2.955,2.959,2.906,2.9177
1250213,1600,2.93,2.963,2.9236,2.96
1250214,1600,2.9615,2.995,2.958,2.998
1250217,1600,2.9755,2.983,2.9635,2.9767
1250218,1600,2.97,2.9725,2.9605,2.9632
1250219,1600,2.9555,2.9555,2.935,2.9495
1250220,1600,2.9665,2.9705,2.9481,2.9655
1250221,1600,2.9615,2.9915,2.9615,2.9862
1250224,1600,2.997,3.0095,2.9845,2.997
1250225,1600,3.023,3.0565,3.0215,3.049
1250226,1600,3.04,3.0625,3.0335,3.06
1250227,1600,3.071,3.071,3.048,3.0593
1250228,1600,3.0725,3.078,3.055,3.071
1250303,1600,3.0695,3.096,3.0585,3.0945
1250304,1600,3.1,3.11,3.0865,3.0925
1250305,1600,3.061,3.077,3.039,3.0603
1250306,1600,3.02,3.044,3.0075,3.0165
1250307,1600,3.0405,3.06,3.039,3.0485
1250310,1600,3.0475,3.069,3.036,3.057
1250311,1600,3.0695,3.07,3.031,3.042
1250312,1600,3.0375,3.0375,3.011,3.0205
1250313,1600,3.013,3.027,2.999,3.026
1250314,1600,3.023,3.0355,3.0115,3.0325
1250317,1600,3.0295,3.0545,3.0225,3.0545
1250318,1600,3.04,3.04,3.0175,3.028
1250319,1600,3.0385,3.0485,3.0345,3.042
1250320,1600,3.06,3.088,3.059,3.069
1250321,1600,3.0455,3.0685,3.04,3.04
1250324,1600,3.0165,3.031,3.0075,3.0173
1250325,1600,3.003,3.0185,2.9875,3.0155
1250326,1600,3.0085,3.009,2.988,2.9925
1250327,1600,2.98,2.9845,2.966,2.9785
1250328,1600,2.995,3.025,2.9945,3.0187
1250331,1600,3.0555,3.0555,3.0385,3.0405
1250401,1600,3.0515,3.0875,3.0515,3.074
1250402,1600,3.07,3.104,3.0635,3.075
1250403,1600,3.1175,3.1245,3.0895,3.097
1250404,1600,3.1355,3.166,3.126,3.154
1250407,1600,3.142,3.16,3.0205,3.0715
1250408,1600,3.0325,3.056,2.998,3.0215
1250409,1600,2.9085,2.9475,2.8805,2.9097
1250410,1600,2.951,2.993,2.9275,2.93
1250411,1600,2.9405,2.9405,2.861,2.8765
1250414,1600,2.9095,2.9475,2.905,2.939
1250415,1600,2.9455,2.9549,2.9275,2.9465
1250416,1600,2.95,2.9685,2.945,2.956
1250417,1600,2.969,2.974,2.95,2.95
1250422,1600,2.8955,2.923,2.89,2.908
1250423,1600,2.952,2.9905,2.9385,2.959
1250424,1600,2.956,2.9665,2.9425,2.9545
1250425,1600,2.9645,2.9905,2.9645,2.9827
1250428,1600,2.989,3.0015,2.978,2.9948
1250429,1600,3.01,3.0225,2.992,3.0225
1250430,1600,3.036,3.042,2.9945,3.0125
1250501,1600,3.031,3.031,2.982,2.985
1250502,1600,2.9965,3.002,2.9585,2.9645
1250506,1600,2.928,2.9388,2.9205,2.9295
1250507,1600,2.958,2.9735,2.9465,2.9675
1250508,1600,2.9635,2.969,2.9475,2.9595
1250509,1600,2.9415,2.943,2.9175,2.9383
1250512,1600,2.927,2.935,2.9065,2.913
1250513,1600,2.9115,2.9115,2.888,2.8925
1250514,1600,2.902,2.9065,2.8805,2.8845
1250515,1600,2.884,2.8995,2.8615,2.8925
1250516,1600,2.93,2.93,2.9035,2.9097
1250519,1600,2.868,2.8845,2.8455,2.88
1250520,1600,2.8955,2.9145,2.865,2.8795
1250521,1600,2.86,2.872,2.8475,2.8577
1250522,1600,2.84,2.84,2.795,2.83
1250523,1600,2.855,2.872,2.838,2.838
1250527,1600,2.8855,2.89,2.8675,2.8775
1250528,1600,2.8745,2.8915,2.8645,2.8668
1250529,1600,2.8625,2.892,2.85,2.8937
1250530,1600,2.9065,2.9115,2.889,2.8985
1250602,1600,2.89,2.89,2.8635,2.8635
1250603,1600,2.8825,2.8975,2.8785,2.88
1250604,1600,2.8775,2.9125,2.8665,2.9125
1250605,1600,2.9085,2.94,2.9085,2.9135
1250606,1600,2.9105,2.929,2.8885,2.8965
1250609,1600,2.88,2.892,2.87,2.8865
1250610,1600,2.893,2.909,2.891,2.891
1250611,1600,2.881,2.91,2.8795,2.902
1250612,1600,2.859,2.8845,2.8505,2.8715
1250613,1600,2.9,2.9,2.85,2.85
1250616,1600,2.84,2.8555,2.835,2.8495
1250617,1600,2.836,2.8525,2.8315,2.846
1250618,1600,2.8435,2.88,2.8435,2.878
1250619,1600,2.8505,2.8655,2.8495,2.862
1250620,1600,2.877,2.877,2.84,2.8542
1250623,1600,2.844,2.883,2.844,2.883
1250624,1600,2.8685,2.8891,2.85,2.884
1250625,1600,2.8835,2.9,2.8695,2.876
1250626,1600,2.895,2.9025,2.8845,2.8883
1250627,1600,2.8955,2.906,2.8885,2.9025
1250630,1600,2.902,2.909,2.8905,2.9005
1250701,1600,2.9195,2.9365,2.9085,2.9118
1250702,1600,2.903,2.911,2.8885,2.8925
1250703,1600,2.9175,2.92,2.878,2.8905
1250704,1600,2.894,2.8985,2.8795,2.8802
1250707,1600,2.884,2.8865,2.855,2.8585
1250708,1600,2.8565,2.8565,2.83,2.8407
1250709,1600,2.861,2.8665,2.8405,2.8605
1250710,1600,2.887,2.887,2.869,2.875
1250711,1600,2.8605,2.8765,2.849,2.85
1250714,1600,2.8475,2.85,2.825,2.827
1250715,1600,2.8265,2.844,2.8135,2.813
1250716,1600,2.8195,2.836,2.791,2.791
1250717,1600,2.801,2.8316,2.8,2.8268
1250718,1600,2.828,2.828,2.819,2.821
1250721,1600,2.843,2.8629,2.83,2.8575
1250722,1600,2.8575,2.869,2.838,2.8682
1250723,1600,2.8515,2.856,2.842,2.8475
1250724,1600,2.847,2.85,2.83,2.8525
1250725,1600,2.858,2.858,2.838,2.8435
1250728,1600,2.844,2.8665,2.8395,2.8423
1250729,1600,2.8435,2.8795,2.84,2.879
1250730,1600,2.8765,2.8925,2.8665,2.8665
1250731,1600,2.8845,2.89,2.877,2.89
1250801,1600,2.8665,2.917,2.854,2.9132
1250804,1600,2.91,2.921,2.8935,2.9195
1250805,1600,2.93,2.934,2.9135,2.933
1250806,1600,2.9245,2.9245,2.91,2.9145
1250807,1600,2.909,2.9275,2.906,2.924
1250808,1600,2.9145,2.9145,2.892,2.892
1250811,1600,2.8955,2.9115,2.8955,2.9032
1250812,1600,2.8995,2.9015,2.872,2.8745
1250813,1600,2.89,2.912,2.889,2.906
1250814,1600,2.9135,2.922,2.894,2.8902
1250815,1600,2.882,2.893,2.873,2.874
1250818,1600,2.88,2.8835,2.853,2.853
1250819,1600,2.865,2.8725,2.854,2.8705
1250820,1600,2.87,2.882,2.8675,2.8765
1250821,1600,2.87,2.877,2.8565,2.859
1250822,1600,2.874,2.894,2.8627,2.8902
1250826,1600,2.8705,2.8775,2.855,2.8665
1250827,1600,2.872,2.8745,2.8525,2.862
1250828,1600,2.885,2.8895,2.872,2.8865
1250829,1600,2.89,2.89,2.8655,2.8655
1250901,1600,2.8655,2.871,2.8515,2.8565
1250902,1600,2.858,2.8595,2.8365,2.8458
1250903,1600,2.847,2.8815,2.834,2.8788
1250904,1600,2.886,2.9005,2.8805,2.889
1250905,1600,2.9035,2.942,2.9005,2.942
1250908,1600,2.945,2.9755,2.9415,2.974
1250909,1600,2.9735,2.98,2.959,2.965
1250910,1600,2.952,2.9745,2.952,2.973
1250911,1600,2.9745,3.0075,2.971,2.9932
1250912,1600,2.9945,3.0025,2.9745,2.9745
1250915,1600,2.976,3.0022,2.9705,3.0022
1250916,1600,3.0,3.0065,2.9865,2.9955
1250917,1600,3.0055,3.018,3.0035,3.0075
1250918,1600,2.9995,3.008,2.9525,2.9615
1250919,1600,2.958,2.963,2.95,2.9545
1250922,1600,2.95,2.963,2.943,2.943
1250923,1600,2.9585,2.965,2.9485,2.9505
1250924,1600,2.963,2.975,2.952,2.9605
1250925,1600,2.9585,2.963,2.9445,2.94
1250926,1600,2.95,2.9707,2.9445,2.957
1250929,1600,2.976,2.978,2.9665,2.978
1250930,1600,2.979,2.989,2.972,2.9753
1251001,1600,2.9595,2.986,2.956,2.9697
1251002,1600,2.963,2.9845,2.963,2.9835
1251003,1600,2.9735,2.991,2.9735,2.977
1251006,1600,2.96,2.9665,2.9495,2.9605
1251007,1600,2.9585,2.968,2.9465,2.9678
1251008,1600,2.967,2.9895,2.967,2.983
1251009,1600,2.978,2.9835,2.965,2.972
1251010,1600,2.975,3.013,2.975,3.009
1251013,1600,3.0165,3.0165,2.991,2.991
1251014,1600,3.022,3.0395,3.012,3.014
1251015,1600,3.024,3.0405,3.024,3.0405
1251016,1600,3.005,3.0325,3.005,3.025
1251017,1600,3.045,3.0625,3.0265,3.0385
1251020,1600,3.019,3.0475,3.019,3.043
1251021,1600,3.0495,3.0655,3.047,3.0625
1251022,1600,3.057,3.0735,3.057,3.06
1251023,1600,3.0645,3.0645,3.044,3.0465
1251024,1600,3.0419,3.0419,3.0419,3.0419
1251027,1600,3.03,3.0495,3.024,3.0485
1251028,1600,3.0515,3.067,3.0515,3.057
1251029,1600,3.07,3.07,3.0505,3.0533
1251030,1600,3.035,3.035,3.004,3.018
1251031,1600,3.016,3.018,2.997,3.006
1251103,1600,3.0155,3.0155,2.985,2.9885
1251104,1600,2.983,3.01,2.983,3.005
1251105,1600,3.01,3.0155,2.9685,2.972
1251106,1600,2.972,2.997,2.972,2.997
1251107,1600,2.9885,2.9992,2.982,2.9975
1251110,1600,2.983,2.9915,2.9665,2.9867
1251111,1600,2.9825,3.003,2.979,3.0
1251112,1600,2.996,3.0154,2.9905,3.008
1251113,1600,2.99,3.01,2.99,2.9975
1251114,1600,2.989,3.0045,2.97,2.9725
1251117,1600,2.968,2.983,2.966,2.975
1251118,1600,2.98,2.993,2.969,2.969
1251119,1600,2.971,2.9875,2.9645,2.9735
1251120,1600,2.9665,2.981,2.9555,2.979
1251121,1600,2.9875,2.9965,2.979,2.98
1251124,1600,3.002,3.002,2.99,2.995
1251125,1600,3.0,3.0195,2.9975,3.0195
1251126,1600,3.0155,3.0165,3.0,3.0122
1251127,1600,3.0055,3.031,3.0055,3.0198
1251128,1600,3.031,3.031,3.001,3.0045
1251201,1600,2.995,3.003,2.969,2.969
1251202,1600,2.9645,3.0,2.96,2.9705
1251203,1600,2.9755,2.9838,2.9695,2.972
1251204,1600,3.0,3.0,2.9615,2.9615
1251205,1600,2.9645,2.9665,2.948,2.948
1251208,1600,2.9465,2.9505,2.929,2.932
1251209,1600,2.932,2.957,2.932,2.943
1251210,1600,2.9395,2.9545,2.932,2.951
1251211,1600,2.8935,2.9055,2.882,2.896
1251212,1600,2.8915,2.8915,2.85,2.85
1251215,1600,2.8645,2.8745,2.863,2.868
1251216,1600,2.867,2.869,2.852,2.868
1251217,1600,2.8575,2.8915,2.8575,2.8695
1251218,1600,2.887,2.89,2.872,2.886
1251219,1600,2.885,2.8855,2.866,2.8755
1251222,1600,2.8625,2.872,2.8605,2.8698
1251223,1600,2.874,2.883,2.856,2.873
1251224,1600,2.8635,2.88,2.8635,2.8737
1251229,1600,2.891,2.8995,2.881,2.8858
1251230,1600,2.884,2.8895,2.8735,2.887
1251231,1600,2.8845,2.895,2.8845,2.8925
1260102,1600,2.88,2.88,2.855,2.858
1260105,1600,2.8585,2.8705,2.8535,2.864
1260106,1600,2.8675,2.8675,2.8515,2.8525
1260107,1600,2.8655,2.8865,2.8645,2.8835
1260108,1600,2.878,2.8835,2.863,2.863
1260109,1600,2.8655,2.88,2.8575,2.8755
1260112,1600,2.867,2.876,2.8605,2.8705
1260113,1600,2.871,2.8815,2.865,2.871
1260114,1600,2.882,2.898,2.874,2.898
1260115,1600,2.898,2.9085,2.894,2.9015
1260116,1600,2.8965,2.9,2.881,2.8845
1260119,1600,2.867,2.9,2.854,2.8585
1260120,1600,2.8455,2.847,2.829,2.8455
1260121,1600,2.85,2.855,2.8305,2.85
1260122,1600,2.866,2.872,2.856,2.8615
1260123,1600,2.867,2.89,2.867,2.8745
1260126,1600,2.89,2.899,2.8865,2.8915
1260127,1600,2.889,2.9,2.8805,2.886
1260128,1600,2.873,2.877,2.8625,2.8655
1260129,1600,2.8595,2.872,2.8545,2.864
1260130,1600,2.8505,2.8645,2.847,2.8585
1260202,1600,2.8645,2.88,2.8495,2.8495
1260203,1600,2.845,2.848,2.84,2.8455
1260204,1600,2.8485,2.8565,2.844,2.846
1260205,1600,2.8435,2.871,2.84,2.869
1260206,1600,2.8725,2.883,2.8655,2.8675
1260209,1600,2.8665,2.873,2.855,2.8695
1260210,1600,2.8825,2.9115,2.8825,2.9065
1260211,1600,2.912,2.9155,2.8855,2.9
1260212,1600,2.9,2.9205,2.8955,2.92
1260213,1600,2.923,2.9515,2.921,2.95
1260216,1600,2.95,2.962,2.948,2.953
1260217,1600,2.959,2.9675,2.951,2.9557
1260218,1600,2.949,2.9555,2.9455,2.951
1260219,1600,2.933,2.944,2.933,2.942
1260220,1600,2.9485,2.9545,2.9225,2.9355
1260223,1600,2.9405,2.956,2.937,2.9537
1260224,1600,2.9505,2.96,2.947,2.955
1260225,1600,2.9505,2.9555,2.945,2.955
1260226,1600,2.95,2.9665,2.948,2.9622
1260227,1600,2.96,2.985,2.96,2.985
1260302,1600,2.978,2.9795,2.9495,2.9532
1260303,1600,2.95,2.95,2.93,2.946
1260304,1600,2.943,2.9475,2.93,2.9455
1260305,1600,2.9215,2.9285,2.919,2.9235
1260306,1600,2.916,2.931,2.9005,2.9115
1260309,1600,2.8955,2.931,2.8955,2.931
1260310,1600,2.9385,2.945,2.919,2.9305
1260311,1600,2.9075,2.9075,2.874,2.8805
1260312,1600,2.865,2.871,2.8595,2.866
1260313,1600,2.854,2.872,2.847,2.847
1260316,1600,2.857,2.876,2.8525,2.8625
1260317,1600,2.863,2.8835,2.863,2.8835
1260318,1600,2.889,2.894,2.871,2.875
1260319,1600,2.861,2.884,2.8525,2.887
1260320,1600,2.8745,2.876,2.8263,2.833
1260323,1600,2.8155,2.875,2.8125,2.8325
1260324,1600,2.84,2.84,2.816,2.8345
1260325,1600,2.8435,2.864,2.843,2.8575
1260326,1600,2.8445,2.8495,2.8325,2.8358
1260327,1600,2.8235,2.8305,2.81,2.828
1260330,1600,2.834,2.8535,2.831,2.8535
1260331,1600,2.8525,2.865,2.8471,2.853
1260401,1600,2.8765,2.878,2.8465,2.8625
1260402,1600,2.8355,2.8705,2.831,2.8645
1260407,1600,2.865,2.866,2.831,2.8475
1260408,1600,2.883,2.889,2.87,2.8745
1260409,1600,2.8715,2.8735,2.8525,2.8625
1260410,1600,2.862,2.868,2.853,2.8593
1260413,1600,2.844,2.8585,2.8365,2.8507
1260414,1600,2.8665,2.873,2.8595,2.8725
1260415,1600,2.8775,2.882,2.8635,2.8635
1260416,1600,2.867,2.881,2.8575,2.8575
1260417,1600,2.845,2.884,2.845,2.8745
1260420,1600,2.8645,2.872,2.8645,2.8685
1260421,1600,2.875,2.877,2.854,2.8595
1260422,1600,2.862,2.8755,2.861,2.868
1260423,1600,2.8535,2.872,2.852,2.869
1260424,1600,2.857,2.867,2.847,2.8545
1260427,1600,2.853,2.858,2.8475,2.848
1260428,1600,2.838,2.844,2.834,2.841
1260429,1600,2.8445,2.85,2.8275,2.831
1260430,1600,2.825,2.834,2.82,2.828
1260501,1600,2.8255,2.8465,2.8255,2.836
1260505,1600,2.8165,2.825,2.8115,2.8235
1260506,1600,2.8405,2.86,2.8385,2.8485
1260507,1600,2.8575,2.8635,2.8445,2.8445
1260508,1600,2.84,2.849,2.84,2.8485
1260511,1600,2.8425,2.845,2.836,2.8385
1260512,1600,2.8235,2.829,2.8135,2.8168
1260513,1600,2.815,2.8175,2.8035,2.803
1260514,1600,2.8065,2.8235,2.806,2.8215
1260515,1600,2.7905,2.791,2.77,2.7705
1260518,1600,2.7625,2.779,2.76,2.7655
1260519,1600,2.7615,2.7685,2.739,2.742
1260520,1600,2.749,2.7745,2.7455,2.7745
1260521,1600,2.7705,2.7785,2.76,2.764
1260522,1600,2.7845,2.8,2.783,2.7865
1260526,1600,2.8175,2.826,2.8075,2.815
1260527,1600,2.8235,2.83,2.815,2.8245
1260528,1600,2.8135,2.834,2.8105,2.8307
1260529,1600,2.8395,2.8435,2.8305,2.8415
1260601,1600,2.834,2.841,2.8145,2.823
1260602,1600,2.847,2.853,2.844,2.8445
1260603,1600,2.837,2.8385,2.8273,2.8285
1260604,1600,2.836,2.845,2.8325,2.843
1260605,1600,2.8385,2.8445,2.818,2.824
1260608,1600,2.815,2.8315,2.811,2.8165
1260609,1600,2.815,2.823,2.812,2.8145
1260610,1600,2.8215,2.831,2.8165,2.8275
1260611,1600,2.8215,2.8335,2.817,2.8323
1260612,1600,2.849,2.8605,2.833,2.8415
1260615,1600,2.86,2.863,2.8465,2.8475
1260616,1600,2.849,2.8615,2.842,2.8565
1260617,1600,2.8605,2.8675,2.8575,2.8655
1260618,1600,2.8155,2.828,2.8135,2.82
1260619,1600,2.8035,2.814,2.793,2.793
1260622,1600,2.8005,2.8065,2.7915,2.7915
1260623,1600,2.7965,2.8,2.792,2.7985
1260624,1600,2.7985,2.8335,2.7985,2.833
1260625,1600,2.83,2.8455,2.828,2.836
1260626,1600,2.83,2.8375,2.82,2.8305
1260629,1600,2.8305,2.8365,2.8265,2.8312
1260630,1600,2.835,2.839,2.8185,2.8225
1260701,1600,2.7885,2.794,2.7765,2.787
1260702,1600,2.783,2.7885,2.7755,2.7885
1260703,1600,2.78,2.7865,2.771,2.777
1260706,1600,2.7845,2.7885,2.7705,2.773
1260707,1600,2.7685,2.775,2.76,2.7605
1260708,1600,2.749,2.753,2.735,2.737
1260709,1600,2.7455,2.747,2.735,2.746
1260710,1600,2.7525,2.758,2.7455,2.7515
1260713,1600,2.744,2.7465,2.7325,2.7345
1260714,1600,2.728,2.7485,2.724,2.7405
1260715,1600,2.7275,2.7435,2.721,2.7435
1260716,1600,2.736,2.737,2.7205,2.731
1260717,1600,2.7425,2.7595,2.7415,2.7517
1260720,1600,2.7365,2.746,2.731,2.731
1260721,1600,2.7305,2.7335,2.7145,2.7215
1260722,1600,2.717,2.722,2.7115,2.716
1260723,1600,2.711,2.7145,2.693,2.697
1260724,1600,2.7025,2.7168,2.6995,2.7167
1260727,1600,2.7245,2.7295,2.715,2.7202
1260728,1600,2.7295,2.735,2.722,2.735
1260729,1600,2.7345,2.7375,2.7255,2.7265
1260730,1600,2.6825,2.697,2.675,2.686
1260731,1600,2.712,2.712,2.665,2.667
1260803,1600,2.6785,2.694,2.6705,2.681
1260804,1600,2.682,2.698,2.673,2.697
1260805,1600,2.7155,2.7185,2.7045,2.706
1260806,1600,2.7075,2.711,2.696,2.696
1260807,1600,2.688,2.707,2.6875,2.6932
1260810,1600,2.6975,2.7,2.6805,2.6815
1260811,1600,2.671,2.6895,2.661,2.683
1260812,1600,2.685,2.693,2.68,2.6825
1260813,1600,2.681,2.7055,2.68,2.6935
1260814,1600,2.6895,2.6915,2.6705,2.6705
1260817,1600,2.6785,2.6825,2.662,2.664
1260818,1600,2.6495,2.6615,2.644,2.6585
1260819,1600,2.6715,2.7095,2.662,2.6985
1260820,1600,2.703,2.708,2.677,2.678
1260821,1600,2.683,2.6915,2.674,2.6762
1260824,1600,2.689,2.6945,2.682,2.6935
1260825,1600,2.695,2.7155,2.691,2.7155
1260826,1600,2.713,2.72,2.709,2.7122
1260827,1600,2.7175,2.733,2.707,2.7137
1260828,1600,2.7095,2.719,2.7005,2.7118
1260901,1600,2.6765,2.6905,2.669,2.687
1260902,1600,2.668,2.6885,2.6665,2.677
1260903,1600,2.6865,2.6985,2.68,2.6935
1260904,1600,2.6885,2.698,2.68,2.6905
1260907,1600,2.686,2.691,2.68,2.683
1260908,1600,2.6815,2.7,2.6775,2.6895
1260909,1600,2.6845,2.6935,2.662,2.671
1260910,1600,2.673,2.678,2.6475,2.65
1260911,1600,2.6455,2.662,2.6335,2.6565
1260914,1600,2.6455,2.6525,2.6335,2.652
1260915,1600,2.6315,2.6425,2.6245,2.6405
1260916,1600,2.6415,2.655,2.636,2.6515
1260918,1600,2.6785,2.6825,2.6755,2.679
