1180510,1600,5.0309,5.0309,5.0309,5.0309
1180511,1600,5.0362,5.0362,5.0362,5.0362
1180514,1600,5.0219,5.0219,5.0219,5.0219
1180515,1600,4.9493,4.9493,4.9493,4.9493
1180516,1600,4.9457,4.9457,4.9457,4.9457
1180517,1600,4.9216,4.9216,4.9216,4.9216
1180518,1600,4.9535,4.9535,4.9535,4.9535
1180521,1600,4.959,4.959,4.959,4.9615
1180522,1600,4.9475,4.9475,4.9475,4.9475
1180523,1600,4.9475,4.9475,4.9475,4.9475
1180524,1600,4.9475,4.9475,4.9475,4.9475
1180525,1600,5.042,5.042,5.042,5.058
1180529,1600,5.128,5.128,5.128,5.128
1180530,1600,5.128,5.128,5.128,5.128
1180531,1600,5.128,5.128,5.128,5.1425
1180601,1600,5.1085,5.1085,5.1085,5.1085
1180604,1600,5.1085,5.1085,5.1085,5.1085
1180605,1600,5.1085,5.1085,5.1085,5.1085
1180606,1600,5.1085,5.1085,5.1085,5.1085
1180607,1600,5.1085,5.1085,5.1085,5.1085
1180608,1600,5.1085,5.1085,5.1085,5.1085
1180611,1600,5.1085,5.1085,5.1085,5.1085
1180612,1600,5.1085,5.1085,5.1085,5.1085
1180613,1600,5.1085,5.1085,5.1085,5.1085
1180614,1600,5.1085,5.1085,5.1085,5.1085
1180615,1600,5.1085,5.1085,5.1085,5.1085
1180618,1600,5.1085,5.1085,5.1085,5.1085
1180619,1600,5.1085,5.1085,5.1085,5.1085
1180620,1600,5.1085,5.1085,5.1085,5.1085
1180621,1600,5.1085,5.1085,5.1085,5.1085
1180622,1600,5.108,5.108,5.108,5.1095
1180625,1600,5.1355,5.1355,5.1355,5.1355
1180626,1600,5.1355,5.1355,5.1355,5.1355
1180627,1600,5.1355,5.1355,5.1355,5.1355
1180628,1600,5.1355,5.1355,5.1355,5.1355
1180629,1600,5.1355,5.1355,5.1355,5.1355
1180702,1600,5.1355,5.1355,5.1355,5.1355
1180703,1600,5.156,5.156,5.156,5.185
1180704,1600,5.1785,5.1785,5.1785,5.1785
1180705,1600,5.171,5.171,5.171,5.206
1180706,1600,5.2145,5.2145,5.2145,5.2145
1180709,1600,5.2145,5.2145,5.2145,5.2145
1180710,1600,5.2145,5.2145,5.2145,5.2145
1180711,1600,5.2145,5.2145,5.2145,5.2145
1180712,1600,5.2145,5.2145,5.2145,5.2145
1180713,1600,5.2145,5.2145,5.2145,5.2145
1180716,1600,5.2145,5.2145,5.2145,5.2145
1180717,1600,5.2145,5.2145,5.2145,5.2145
1180718,1600,5.2145,5.2145,5.2145,5.2145
1180719,1600,5.2145,5.2145,5.2145,5.2145
1180720,1600,5.2145,5.2145,5.2145,5.2145
1180723,1600,5.2145,5.2145,5.2145,5.2145
1180724,1600,5.082,5.082,5.082,5.0805
1180725,1600,5.1075,5.1075,5.1075,5.1075
1180726,1600,5.1075,5.1075,5.1075,5.1075
1180727,1600,5.1075,5.1075,5.1075,5.1075
1180730,1600,5.1075,5.1075,5.1075,5.1075
1180731,1600,5.098,5.098,5.098,5.0925
1180801,1600,5.0475,5.0475,5.0475,5.0475
1180802,1600,5.0475,5.0475,5.0475,5.0475
1180803,1600,5.0475,5.0475,5.0475,5.0475
1180806,1600,5.0475,5.0475,5.0475,5.0475
1180807,1600,5.0475,5.0475,5.0475,5.0475
1180808,1600,5.0475,5.0475,5.0475,5.0475
1180809,1600,5.0475,5.0475,5.0475,5.0475
1180810,1600,5.135,5.135,5.134,5.1385
1180813,1600,5.125,5.125,5.125,5.1275
1180814,1600,5.12,5.12,5.12,5.1205
1180815,1600,5.1515,5.1515,5.1515,5.1515
1180816,1600,5.1515,5.1515,5.1515,5.1515
1180817,1600,5.1515,5.1515,5.1515,5.1515
1180820,1600,5.19,5.19,5.19,5.1925
1180821,1600,5.1715,5.1715,5.1715,5.1715
1180822,1600,5.1715,5.1715,5.1715,5.1715
1180823,1600,5.1715,5.1715,5.1715,5.1715
1180824,1600,5.1715,5.1715,5.1715,5.1715
1180828,1600,5.185,5.185,5.148,5.1535
1180829,1600,5.1405,5.1405,5.1405,5.1405
1180830,1600,5.1405,5.1405,5.1405,5.1405
1180831,1600,5.19,5.19,5.19,5.192
1180903,1600,5.158,5.158,5.158,5.156
1180904,1600,5.121,5.123,5.121,5.116
1180905,1600,5.121,5.121,5.121,5.12
1180906,1600,5.131,5.131,5.131,5.131
1180907,1600,5.131,5.131,5.131,5.131
1180910,1600,5.097,5.102,5.097,5.0965
1180911,1600,5.0965,5.0965,5.0965,5.0815
1180912,1600,5.08,5.08,5.08,5.08
1180913,1600,5.07,5.102,5.07,5.1015
1180914,1600,5.067,5.071,5.064,5.0615
1180917,1600,5.069,5.069,5.069,5.069
1180918,1600,5.03,5.03,5.03,5.024
1180919,1600,4.9815,4.9815,4.9815,4.9815
1180920,1600,4.9815,4.9815,4.9815,4.9815
1180921,1600,4.996,4.996,4.996,4.9995
1180924,1600,4.9965,4.9965,4.9965,4.9965
1180925,1600,4.976,4.976,4.976,4.98
1180926,1600,4.9995,4.9995,4.989,4.9865
1180927,1600,5.028,5.028,5.028,5.005
1180928,1600,5.046,5.046,5.025,5.0215
1181001,1600,4.992,4.992,4.992,5.0015
1181002,1600,5.0045,5.0045,5.0045,5.0045
1181003,1600,4.945,4.945,4.945,4.945
1181004,1600,4.8725,4.8725,4.8725,4.8725
1181005,1600,4.8552,4.8552,4.8552,4.8552
1181008,1600,4.846,4.846,4.846,4.833
1181009,1600,4.8195,4.8195,4.813,4.8612
1181010,1600,4.8568,4.8568,4.8568,4.8568
1181011,1600,4.8955,4.8955,4.8955,4.8955
1181012,1600,4.911,4.911,4.911,4.911
1181015,1600,4.8962,4.8962,4.8962,4.8962
1181016,1600,4.8993,4.8993,4.8993,4.8993
1181017,1600,4.912,4.912,4.912,4.912
1181018,1600,4.888,4.888,4.888,4.8875
1181019,1600,4.8705,4.8705,4.8705,4.8705
1181022,1600,4.8645,4.8645,4.8645,4.8645
1181023,1600,4.9245,4.9245,4.9245,4.903
1181024,1600,4.9025,4.9025,4.9025,4.9025
1181025,1600,4.896,4.896,4.896,4.896
1181026,1600,4.928,4.928,4.928,4.928
1181029,1600,4.917,4.917,4.917,4.9095
1181030,1600,4.8905,4.8905,4.8905,4.8905
1181031,1600,4.872,4.872,4.872,4.872
1181101,1600,4.8665,4.8665,4.8665,4.8665
1181102,1600,4.8235,4.8235,4.8235,4.8235
1181105,1600,4.815,4.816,4.815,4.832
1181106,1600,4.835,4.835,4.835,4.8305
1181107,1600,4.852,4.852,4.852,4.86
1181108,1600,4.837,4.837,4.837,4.8325
1181109,1600,4.86,4.871,4.8455,4.8637
1181112,1600,4.885,4.889,4.885,4.902
1181113,1600,4.88,4.88,4.88,4.8725
1181114,1600,4.902,4.902,4.884,4.889
1181115,1600,4.9085,4.9085,4.9085,4.9085
1181116,1600,4.9,4.9,4.9,4.9
1181119,1600,4.915,4.915,4.915,4.9205
1181120,1600,4.9375,4.9375,4.9375,4.9375
1181121,1600,4.9225,4.9225,4.9225,4.9225
1181122,1600,4.9385,4.9385,4.9385,4.93
1181123,1600,4.938,4.962,4.938,4.95
1181126,1600,4.933,4.933,4.93,4.9275
1181127,1600,4.935,4.935,4.935,4.935
1181128,1600,4.943,4.943,4.929,4.925
1181129,1600,4.96,4.96,4.96,4.934
1181130,1600,4.941,4.956,4.941,4.9447
1181203,1600,4.921,4.921,4.921,4.9583
1181204,1600,5.03,5.03,5.018,5.0405
1181205,1600,5.057,5.06,5.056,5.0435
1181206,1600,5.12,5.12,5.12,5.1225
1181207,1600,5.095,5.095,5.085,5.084
1181210,1600,5.121,5.134,5.121,5.133
1181211,1600,5.13,5.13,5.13,5.1245
1181212,1600,5.1015,5.1015,5.1015,5.1015
1181213,1600,5.093,5.104,5.09,5.0815
1181214,1600,5.1,5.11,5.1,5.0995
1181217,1600,5.12,5.12,5.12,5.1135
1181218,1600,5.159,5.159,5.138,5.1555
1181219,1600,5.193,5.193,5.184,5.1875
1181220,1600,5.268,5.268,5.239,5.246
1181221,1600,5.209,5.209,5.209,5.193
1181224,1600,5.222,5.222,5.222,5.2185
1181227,1600,5.224,5.224,5.224,5.224
1181228,1600,5.185,5.208,5.185,5.199
1181231,1600,5.2145,5.2145,5.2145,5.2145
1190102,1600,5.254,5.256,5.236,5.243
1190103,1600,5.313,5.314,5.306,5.315
1190104,1600,5.335,5.335,5.26,5.257
1190107,1600,5.286,5.3,5.271,5.2665
1190108,1600,5.258,5.258,5.245,5.25
1190109,1600,5.232,5.232,5.232,5.214
1190110,1600,5.243,5.243,5.212,5.217
1190111,1600,5.217,5.217,5.217,5.218
1190114,1600,5.2,5.206,5.2,5.199
1190115,1600,5.21,5.21,5.181,5.178
1190116,1600,5.175,5.175,5.175,5.175
1190117,1600,5.187,5.187,5.186,5.182
1190118,1600,5.182,5.182,5.156,5.1465
1190121,1600,5.16,5.16,5.16,5.157
1190122,1600,5.195,5.195,5.187,5.1795
1190123,1600,5.18,5.18,5.18,5.1875
1190124,1600,5.2145,5.2145,5.2145,5.2145
1190125,1600,5.214,5.214,5.196,5.197
1190128,1600,5.195,5.199,5.195,5.2035
1190129,1600,5.193,5.193,5.188,5.201
1190130,1600,5.213,5.213,5.213,5.209
1190131,1600,5.24,5.258,5.24,5.258
1190201,1600,5.246,5.255,5.23,5.2265
1190204,1600,5.225,5.225,5.194,5.1895
1190205,1600,5.185,5.185,5.185,5.2365
1190206,1600,5.233,5.241,5.233,5.232
1190207,1600,5.253,5.253,5.244,5.2465
1190208,1600,5.273,5.288,5.273,5.282
1190211,1600,5.285,5.285,5.265,5.273
1190212,1600,5.255,5.255,5.25,5.238
1190213,1600,5.23,5.245,5.23,5.2375
1190214,1600,5.27,5.27,5.26,5.2555
1190215,1600,5.277,5.277,5.25,5.2675
1190218,1600,5.278,5.278,5.27,5.2695
1190219,1600,5.276,5.289,5.276,5.286
1190220,1600,5.285,5.285,5.258,5.2585
1190221,1600,5.255,5.255,5.228,5.2215
1190222,1600,5.263,5.265,5.263,5.2545
1190225,1600,5.232,5.232,5.232,5.2295
1190226,1600,5.263,5.264,5.263,5.2545
1190227,1600,5.265,5.265,5.214,5.21
1190228,1600,5.228,5.228,5.174,5.174
1190301,1600,5.191,5.191,5.157,5.155
1190304,1600,5.156,5.164,5.156,5.177
1190305,1600,5.169,5.178,5.163,5.1705
1190306,1600,5.193,5.205,5.186,5.207
1190307,1600,5.205,5.242,5.204,5.234
1190308,1600,5.243,5.249,5.243,5.242
1190311,1600,5.232,5.254,5.232,5.241
1190312,1600,5.233,5.266,5.223,5.262
1190313,1600,5.267,5.271,5.257,5.278
1190314,1600,5.254,5.266,5.237,5.242
1190315,1600,5.258,5.277,5.24,5.258
1190318,1600,5.269,5.274,5.258,5.2715
1190319,1600,5.266,5.278,5.232,5.2615
1190320,1600,5.26,5.283,5.26,5.281
1190321,1600,5.331,5.331,5.319,5.327
1190322,1600,5.353,5.41,5.351,5.411
1190325,1600,5.399,5.41,5.373,5.409
1190326,1600,5.382,5.403,5.382,5.404
1190327,1600,5.415,5.461,5.415,5.4445
1190328,1600,5.468,5.471,5.459,5.4615
1190329,1600,5.473,5.473,5.446,5.451
1190401,1600,5.463,5.463,5.4,5.406
1190402,1600,5.412,5.414,5.395,5.4065
1190403,1600,5.362,5.373,5.356,5.365
1190404,1600,5.375,5.375,5.356,5.3705
1190405,1600,5.365,5.386,5.345,5.376
1190408,1600,5.39,5.39,5.364,5.3695
1190409,1600,5.374,5.387,5.358,5.386
1190410,1600,5.379,5.4,5.369,5.392
1190411,1600,5.391,5.394,5.374,5.372
1190412,1600,5.375,5.375,5.327,5.333
1190415,1600,5.324,5.332,5.314,5.328
1190416,1600,5.34,5.34,5.305,5.306
1190417,1600,5.309,5.309,5.288,5.31
1190418,1600,5.325,5.337,5.319,5.328
1190423,1600,5.321,5.323,5.3,5.3135
1190424,1600,5.322,5.357,5.322,5.355
1190425,1600,5.352,5.361,5.343,5.3465
1190426,1600,5.344,5.382,5.344,5.3745
1190429,1600,5.372,5.372,5.345,5.346
1190430,1600,5.347,5.361,5.334,5.3565
1190501,1600,5.36,5.41,5.36,5.4035
1190502,1600,5.375,5.389,5.356,5.3545
1190503,1600,5.349,5.388,5.349,5.375
1190507,1600,5.398,5.418,5.394,5.4225
1190508,1600,5.435,5.46,5.424,5.4345
1190509,1600,5.43,5.446,5.43,5.4345
1190510,1600,5.415,5.436,5.415,5.445
1190513,1600,5.44,5.467,5.438,5.468
1190514,1600,5.465,5.468,5.445,5.447
1190515,1600,5.467,5.492,5.46,5.469
1190516,1600,5.499,5.501,5.459,5.4625
1190517,1600,5.484,5.487,5.464,5.4725
1190520,1600,5.463,5.485,5.457,5.472
1190521,1600,5.467,5.476,5.45,5.455
1190522,1600,5.468,5.485,5.459,5.48
1190523,1600,5.506,5.539,5.499,5.542
1190524,1600,5.548,5.551,5.542,5.548
1190528,1600,5.578,5.598,5.571,5.5845
1190529,1600,5.633,5.642,5.625,5.6375
1190530,1600,5.617,5.628,5.607,5.628
1190531,1600,5.682,5.713,5.682,5.701
1190603,1600,5.738,5.776,5.735,5.736
1190604,1600,5.765,5.765,5.704,5.7025
1190605,1600,5.723,5.723,5.68,5.679
1190606,1600,5.687,5.732,5.683,5.723
1190607,1600,5.696,5.744,5.686,5.738
1190610,1600,5.689,5.689,5.68,5.686
1190611,1600,5.692,5.692,5.659,5.679
1190612,1600,5.718,5.718,5.686,5.6805
1190613,1600,5.71,5.711,5.691,5.708
1190614,1600,5.732,5.739,5.722,5.729
1190617,1600,5.707,5.733,5.702,5.7305
1190618,1600,5.757,5.79,5.755,5.7835
1190619,1600,5.782,5.782,5.743,5.743
1190620,1600,5.808,5.812,5.788,5.814
1190621,1600,5.787,5.787,5.742,5.7435
1190624,1600,5.74,5.775,5.74,5.771
1190625,1600,5.795,5.801,5.77,5.7925
1190626,1600,5.772,5.772,5.763,5.762
1190627,1600,5.719,5.774,5.719,5.7695
1190628,1600,5.766,5.8,5.766,5.8
1190701,1600,5.769,5.799,5.766,5.792
1190702,1600,5.772,5.813,5.767,5.811
1190703,1600,5.856,5.856,5.845,5.8495
1190704,1600,5.866,5.878,5.866,5.871
1190705,1600,5.857,5.87,5.75,5.7675
1190708,1600,5.791,5.816,5.788,5.8105
1190709,1600,5.794,5.794,5.769,5.7855
1190710,1600,5.749,5.779,5.73,5.774
1190711,1600,5.764,5.765,5.726,5.7265
1190712,1600,5.689,5.689,5.659,5.671
1190715,1600,5.673,5.708,5.66,5.7115
1190716,1600,5.698,5.725,5.693,5.687
1190717,1600,5.71,5.742,5.71,5.742
1190718,1600,5.756,5.764,5.733,5.7375
1190719,1600,5.745,5.764,5.745,5.7545
1190722,1600,5.752,5.786,5.752,5.777
1190723,1600,5.759,5.76,5.721,5.7455
1190724,1600,5.736,5.757,5.736,5.745
1190725,1600,5.771,5.788,5.712,5.7265
1190726,1600,5.729,5.748,5.729,5.744
1190729,1600,5.755,5.762,5.735,5.7375
1190730,1600,5.761,5.763,5.74,5.743
1190731,1600,5.77,5.784,5.751,5.784
1190801,1600,5.785,5.876,5.775,5.869
1190802,1600,5.97,5.979,5.912,5.9395
1190805,1600,6.056,6.065,6.0329,6.021
1190806,1600,6.038,6.097,6.034,6.0865
1190807,1600,6.147,6.248,6.147,6.2265
1190808,1600,6.084,6.146,6.065,6.081
1190809,1600,6.147,6.18,6.141,6.18
1190812,1600,6.134,6.218,6.134,6.2195
1190813,1600,6.292,6.3,6.2178,6.255
1190814,1600,6.246,6.369,6.246,6.352
1190815,1600,6.374,6.469,6.374,6.392
1190816,1600,6.4,6.42,6.353,6.3735
1190819,1600,6.355,6.355,6.269,6.323
1190820,1600,6.321,6.37,6.316,6.339
1190821,1600,6.314,6.3482,6.312,6.3435
1190822,1600,6.352,6.352,6.2935,6.311
1190823,1600,6.239,6.351,6.224,6.332
1190827,1600,6.37,6.448,6.37,6.451
1190828,1600,6.5,6.51,6.478,6.479
1190829,1600,6.469,6.469,6.403,6.4045
1190830,1600,6.424,6.436,6.394,6.418
1190902,1600,6.475,6.475,6.419,6.435
1190903,1600,6.475,6.524,6.43,6.5175
1190904,1600,6.446,6.454,6.414,6.4535
1190905,1600,6.416,6.416,6.3147,6.3275
1190906,1600,6.317,6.3811,6.31,6.3725
1190909,1600,6.369,6.369,6.285,6.2965
1190910,1600,6.281,6.294,6.2288,6.246
1190911,1600,6.189,6.189,6.17,6.1775
1190912,1600,6.177,6.242,6.1481,6.141
1190913,1600,6.112,6.112,6.014,6.0315
1190916,1600,6.018,6.104,6.011,6.0455
1190917,1600,6.046,6.113,6.046,6.109
1190918,1600,6.096,6.15,6.096,6.156
1190919,1600,6.149,6.175,6.131,6.1455
1190920,1600,6.177,6.177,6.141,6.1665
1190923,1600,6.17,6.276,6.17,6.255
1190924,1600,6.225,6.277,6.217,6.277
1190925,1600,6.284,6.3,6.231,6.241
1190926,1600,6.23,6.247,6.222,6.2445
1190927,1600,6.235,6.248,6.207,6.2465
1190930,1600,6.222,6.255,6.219,6.248
1191001,1600,6.236,6.3043,6.173,6.2985
1191002,1600,6.262,6.331,6.262,6.327
1191003,1600,6.341,6.377,6.3218,6.3465
1191004,1600,6.384,6.393,6.367,6.389
1191007,1600,6.41,6.41,6.366,6.387
1191008,1600,6.348,6.408,6.348,6.399
1191009,1600,6.391,6.391,6.329,6.3405
1191010,1600,6.318,6.33,6.2358,6.2425
1191011,1600,6.237,6.238,6.151,6.157
1191014,1600,6.211,6.237,6.191,6.191
1191015,1600,6.232,6.237,6.158,6.157
1191016,1600,6.155,6.179,6.135,6.1425
1191017,1600,6.163,6.163,6.094,6.143
1191018,1600,6.144,6.153,6.115,6.143
1191021,1600,6.131,6.131,6.076,6.088
1191022,1600,6.085,6.123,6.085,6.1105
1191023,1600,6.135,6.159,6.134,6.148
1191024,1600,6.133,6.154,6.105,6.1495
1191025,1600,6.123,6.138,6.107,6.11
1191028,1600,6.035,6.1132,6.013,6.013
1191029,1600,6.029,6.061,6.025,6.04
1191030,1600,6.049,6.085,6.034,6.082
1191031,1600,6.145,6.214,6.131,6.203
1191101,1600,6.191,6.214,6.156,6.152
1191104,1600,6.152,6.152,6.086,6.086
1191105,1600,6.059,6.069,6.016,6.0255
1191106,1600,6.047,6.075,6.047,6.054
1191107,1600,6.003,6.039,5.96,5.965
1191108,1600,5.979,5.996,5.931,5.964
1191111,1600,5.957,5.96,5.927,5.932
1191112,1600,5.945,5.9532,5.932,5.9405
1191113,1600,5.967,6.021,5.967,6.0055
1191114,1600,6.034,6.077,6.029,6.0755
1191115,1600,6.061,6.068,6.048,6.048
1191118,1600,6.06,6.087,6.032,6.069
1191119,1600,6.06,6.118,6.06,6.115
1191120,1600,6.168,6.19,6.148,6.156
1191121,1600,6.208,6.208,6.141,6.1465
1191122,1600,6.135,6.173,6.135,6.1635
1191125,1600,6.15,6.181,6.126,6.168
1191126,1600,6.185,6.218,6.178,6.214
1191127,1600,6.216,6.216,6.182,6.1805
1191128,1600,6.202,6.202,6.179,6.18
1191129,1600,6.204,6.204,6.159,6.162
1191202,1600,6.114,6.121,6.076,6.1055
1191203,1600,6.1,6.237,6.089,6.2345
1191204,1600,6.205,6.223,6.144,6.144
1191205,1600,6.145,6.1583,6.105,6.128
1191206,1600,6.13,6.13,6.071,6.1055
1191209,1600,6.116,6.121,6.107,6.1165
1191210,1600,6.138,6.15,6.1098,6.1145
1191211,1600,6.137,6.163,6.137,6.1585
1191212,1600,6.153,6.153,6.033,6.045
1191213,1600,6.068,6.13,6.0424,6.1435
1191216,1600,6.122,6.13,6.066,6.071
1191217,1600,6.109,6.1094,6.065,6.062
1191218,1600,6.07,6.086,6.017,6.014
1191219,1600,6.006,6.024,5.985,6.024
1191220,1600,6.021,6.028,6.0,6.0185
1191223,1600,6.056,6.062,6.023,6.023
1191224,1600,6.037,6.037,6.021,6.026
1191227,1600,6.05,6.076,6.048,6.069
1191230,1600,6.057,6.057,5.981,5.997
1191231,1600,6.05,6.05,6.036,6.0325
1200102,1600,5.985,6.063,5.956,6.052
1200103,1600,6.108,6.127,6.091,6.1185
1200106,1600,6.122,6.169,6.114,6.114
1200107,1600,6.123,6.123,6.091,6.093
1200108,1600,6.124,6.124,6.081,6.0725
1200109,1600,6.033,6.036,5.999,6.0085
1200110,1600,6.049,6.095,6.049,6.102
1200113,1600,6.099,6.099,6.067,6.067
1200114,1600,6.093,6.118,6.087,6.1125
1200115,1600,6.14,6.16,6.138,6.159
1200116,1600,6.157,6.17,6.133,6.125
1200117,1600,6.094,6.107,6.064,6.0845
1200120,1600,6.104,6.104,6.088,6.0925
1200121,1600,6.141,6.163,6.123,6.158
1200122,1600,6.155,6.184,6.144,6.168
1200123,1600,6.215,6.238,6.2,6.238
1200124,1600,6.213,6.269,6.193,6.2655
1200127,1600,6.323,6.354,6.323,6.347
1200128,1600,6.35,6.3972,6.312,6.312
1200129,1600,6.355,6.364,6.33,6.343
1200130,1600,6.42,6.42,6.375,6.4045
1200131,1600,6.4,6.444,6.396,6.444
1200203,1600,6.433,6.433,6.379,6.412
1200204,1600,6.43,6.43,6.34,6.359
1200205,1600,6.339,6.339,6.282,6.297
1200206,1600,6.3,6.319,6.268,6.3005
1200207,1600,6.355,6.393,6.355,6.3785
1200210,1600,6.412,6.418,6.386,6.418
1200211,1600,6.391,6.404,6.368,6.385
1200212,1600,6.348,6.3553,6.33,6.3315
1200213,1600,6.451,6.451,6.347,6.348
1200214,1600,6.383,6.414,6.37,6.407
1200217,1600,6.392,6.405,6.392,6.3985
1200218,1600,6.468,6.468,6.418,6.458
1200219,1600,6.417,6.458,6.411,6.425
1200220,1600,6.446,6.493,6.438,6.49
1200221,1600,6.522,6.571,6.522,6.5475
1200224,1600,6.572,6.67,6.572,6.6615
1200225,1600,6.601,6.699,6.601,6.686
1200226,1600,6.641,6.699,6.616,6.6595
1200227,1600,6.71,6.767,6.696,6.722
1200228,1600,6.831,6.877,6.793,6.8775
1200302,1600,6.802,6.924,6.802,6.87
1200303,1600,6.818,6.875,6.785,6.9
1200304,1600,6.963,6.985,6.9,6.93
1200305,1600,6.85,6.975,6.85,6.96
1200306,1600,7.167,7.461,7.167,7.3725
1200309,1600,8.032,8.032,7.665,7.7345
1200310,1600,7.558,7.671,7.26,7.5775
1200311,1600,7.443,7.458,7.237,7.243
1200312,1600,7.278,7.436,6.564,6.835
1200313,1600,6.8,6.966,5.95,6.9
1200316,1600,7.2,7.2,6.895,6.997
1200317,1600,7.18,7.299,7.019,7.0895
1200318,1600,6.5,6.96,6.5,6.6235
1200319,1600,6.6,6.719,6.5,6.5
1200320,1600,6.5,6.998,6.5,6.916
1200323,1600,6.962,7.2,6.915,6.949
1200324,1600,6.96,7.22,6.96,7.1265
1200325,1600,7.129,7.378,7.07,7.231
1200326,1600,7.342,7.344,7.171,7.245
1200327,1600,7.343,7.372,7.22,7.3035
1200330,1600,7.345,7.59,7.2932,7.441
1200331,1600,7.327,7.4754,7.259,7.3
1200401,1600,7.318,7.533,7.318,7.5035
1200402,1600,7.414,7.522,7.414,7.447
1200403,1600,7.424,7.539,7.424,7.527
1200406,1600,7.47,7.479,7.402,7.4425
1200407,1600,7.35,7.363,7.258,7.332
1200408,1600,7.362,7.408,7.311,7.3345
1200409,1600,7.347,7.365,7.257,7.331
1200414,1600,7.29,7.303,7.2377,7.276
1200415,1600,7.336,7.47,7.325,7.425
1200416,1600,7.458,7.547,7.426,7.539
1200417,1600,7.512,7.579,7.476,7.5475
1200420,1600,7.468,7.491,7.444,7.4645
1200421,1600,7.533,7.641,7.518,7.6175
1200422,1600,7.614,7.62,7.506,7.5205
1200423,1600,7.571,7.571,7.5,7.543
1200424,1600,7.585,7.602,7.515,7.531
1200427,1600,7.561,7.565,7.46,7.464
1200428,1600,7.449,7.516,7.424,7.507
1200429,1600,7.553,7.567,7.51,7.5175
1200430,1600,7.49,7.529,7.457,7.478
1200501,1600,7.451,7.491,7.394,7.439
1200504,1600,7.475,7.509,7.403,7.4255
1200505,1600,7.389,7.389,7.343,7.383
1200506,1600,7.342,7.36,7.211,7.223
1200507,1600,7.282,7.327,7.234,7.327
1200511,1600,7.242,7.295,7.236,7.2475
1200512,1600,7.232,7.3267,7.22,7.2675
1200513,1600,7.34,7.361,7.326,7.356
1200514,1600,7.433,7.48,7.422,7.47
1200515,1600,7.449,7.489,7.415,7.413
1200518,1600,7.355,7.376,7.251,7.251
1200519,1600,7.249,7.277,7.2,7.2445
1200520,1600,7.284,7.288,7.24,7.252
1200521,1600,7.331,7.351,7.305,7.3405
1200522,1600,7.374,7.3929,7.315,7.3495
1200526,1600,7.271,7.296,7.251,7.2565
1200527,1600,7.251,7.275,7.2,7.2655
1200528,1600,7.235,7.247,7.198,7.211
1200529,1600,7.247,7.26,7.21,7.245
1200601,1600,7.229,7.273,7.188,7.2045
1200602,1600,7.243,7.243,7.183,7.196
1200603,1600,7.165,7.165,7.059,7.0895
1200604,1600,7.113,7.129,7.015,7.039
1200605,1600,6.951,6.959,6.822,6.835
1200608,1600,6.902,6.949,6.879,6.947
1200609,1600,7.005,7.104,7.005,7.062
1200610,1600,7.093,7.122,7.072,7.1235
1200611,1600,7.199,7.285,7.174,7.2495
1200612,1600,7.283,7.283,7.196,7.254
1200615,1600,7.295,7.2804,7.2564,7.264
1200616,1600,7.173,7.178,7.074,7.171
1200617,1600,7.104,7.146,7.081,7.111
1200618,1600,7.178,7.2116,7.153,7.209
1200619,1600,7.17,7.2,7.141,7.183
1200622,1600,7.17,7.269,7.17,7.2495
1200623,1600,7.197,7.216,7.164,7.175
1200624,1600,7.175,7.243,7.175,7.238
1200625,1600,7.3,7.311,7.286,7.294
1200626,1600,7.298,7.349,7.285,7.349
1200629,1600,7.308,7.356,7.308,7.3385
1200630,1600,7.335,7.357,7.32,7.34
1200701,1600,7.265,7.278,7.215,7.278
1200702,1600,7.293,7.293,7.218,7.272
1200703,1600,7.285,7.309,7.267,7.2885
1200706,1600,7.237,7.256,7.208,7.233
1200707,1600,7.265,7.297,7.264,7.276
1200708,1600,7.355,7.355,7.294,7.337
1200709,1600,7.33,7.404,7.324,7.404
1200710,1600,7.489,7.516,7.455,7.469
1200713,1600,7.395,7.417,7.354,7.38
1200714,1600,7.447,7.481,7.4178,7.4645
1200715,1600,7.448,7.451,7.374,7.423
1200716,1600,7.448,7.473,7.425,7.4635
1200717,1600,7.453,7.482,7.4328,7.446
1200720,1600,7.434,7.468,7.416,7.438
1200721,1600,7.449,7.467,7.429,7.467
1200722,1600,7.462,7.507,7.4442,7.492
1200723,1600,7.488,7.54,7.477,7.5315
1200724,1600,7.573,7.602,7.517,7.544
1200727,1600,7.593,7.598,7.558,7.578
1200728,1600,7.515,7.562,7.501,7.545
1200729,1600,7.58,7.593,7.5464,7.555
1200730,1600,7.597,7.633,7.578,7.633
1200731,1600,7.645,7.648,7.573,7.61
1200803,1600,7.606,7.606,7.531,7.572
1200804,1600,7.555,7.653,7.555,7.621
1200805,1600,7.627,7.627,7.565,7.565
1200806,1600,7.599,7.6822,7.599,7.668
1200807,1600,7.663,7.668,7.591,7.589
1200810,1600,7.55,7.589,7.539,7.5425
1200811,1600,7.55,7.55,7.422,7.422
1200812,1600,7.395,7.406,7.354,7.36
1200813,1600,7.431,7.431,7.358,7.361
1200814,1600,7.302,7.342,7.296,7.303
1200817,1600,7.308,7.326,7.272,7.326
1200818,1600,7.335,7.335,7.304,7.326
1200819,1600,7.376,7.388,7.361,7.361
1200820,1600,7.348,7.3812,7.34,7.378
1200821,1600,7.358,7.414,7.355,7.414
1200824,1600,7.424,7.44,7.404,7.417
1200825,1600,7.382,7.382,7.309,7.308
1200826,1600,7.302,7.317,7.283,7.288
1200827,1600,7.314,7.378,7.2,7.203
1200828,1600,7.13,7.224,7.128,7.219
1200901,1600,7.22,7.251,7.19,7.251
1200902,1600,7.295,7.376,7.284,7.3725
1200903,1600,7.36,7.465,7.354,7.42
1200904,1600,7.41,7.41,7.315,7.33
1200907,1600,7.257,7.267,7.244,7.2435
1200908,1600,7.25,7.365,7.25,7.345
1200909,1600,7.356,7.356,7.2943,7.293
1200910,1600,7.291,7.3106,7.233,7.235
1200911,1600,7.326,7.34,7.305,7.3375
1200914,1600,7.355,7.366,7.33,7.347
1200915,1600,7.345,7.3568,7.309,7.309
1200916,1600,7.34,7.358,7.329,7.34
1200917,1600,7.337,7.359,7.312,7.3365
1200918,1600,7.322,7.355,7.302,7.305
1200921,1600,7.299,7.384,7.298,7.346
1200922,1600,7.341,7.356,7.312,7.3185
1200923,1600,7.345,7.347,7.304,7.3095
1200924,1600,7.362,7.374,7.346,7.366
1200925,1600,7.367,7.384,7.3549,7.375
1200928,1600,7.365,7.366,7.338,7.349
1200929,1600,7.344,7.374,7.344,7.374
1200930,1600,7.355,7.355,7.279,7.285
1201001,1600,7.28,7.302,7.241,7.284
1201002,1600,7.334,7.337,7.25,7.274
1201005,1600,7.236,7.249,7.16,7.164
1201006,1600,7.129,7.153,7.096,7.111
1201007,1600,7.158,7.164,7.1124,7.144
1201008,1600,7.14,7.155,7.13,7.1525
1201009,1600,7.154,7.159,7.12,7.142
1201012,1600,7.16,7.171,7.15,7.151
1201013,1600,7.183,7.222,7.171,7.209
1201014,1600,7.238,7.263,7.235,7.25
1201015,1600,7.285,7.304,7.26,7.2705
1201016,1600,7.244,7.253,7.197,7.203
1201019,1600,7.18,7.18,7.15,7.173
1201020,1600,7.18,7.18,7.119,7.1395
1201021,1600,7.085,7.113,7.077,7.103
1201022,1600,7.109,7.109,7.035,7.049
1201023,1600,7.034,7.041,7.0,7.033
1201026,1600,7.112,7.14,7.017,7.1215
1201027,1600,7.12,7.176,7.1131,7.166
1201028,1600,7.201,7.213,7.174,7.183
1201029,1600,7.178,7.195,7.123,7.131
1201030,1600,7.128,7.134,7.071,7.081
1201102,1600,7.053,7.113,7.038,7.104
1201103,1600,7.07,7.083,7.03,7.035
1201104,1600,7.222,7.261,7.15,7.209
1201105,1600,7.287,7.29,7.187,7.194
1201106,1600,7.231,7.2499,7.111,7.1425
1201109,1600,7.142,7.173,6.924,6.9415
1201110,1600,6.997,7.0165,6.929,6.946
1201111,1600,6.922,6.945,6.905,6.94
1201112,1600,6.997,7.027,6.982,7.024
1201113,1600,7.085,7.102,7.064,7.074
1201116,1600,7.101,7.106,7.025,7.0595
1201117,1600,7.069,7.119,7.05,7.103
1201118,1600,7.15,7.174,7.11,7.122
1201119,1600,7.15,7.168,7.143,7.158
1201120,1600,7.211,7.215,7.171,7.184
1201123,1600,7.223,7.224,7.166,7.174
1201124,1600,7.167,7.178,7.138,7.1345
1201125,1600,7.121,7.153,7.107,7.133
1201126,1600,7.103,7.13,7.0974,7.1255
1201127,1600,7.127,7.157,7.124,7.152
1201130,1600,7.163,7.175,7.14,7.157
1201201,1600,7.167,7.1807,7.0395,7.056
1201202,1600,7.037,7.056,6.98,6.989
1201203,1600,6.999,7.036,6.9929,7.0195
1201204,1600,7.043,7.067,6.93,6.943
1201207,1600,6.997,7.014,6.994,7.017
1201208,1600,7.029,7.07,7.0,7.048
1201209,1600,7.019,7.021,6.987,7.0175
1201210,1600,7.055,7.056,7.019,7.034
1201211,1600,7.08,7.134,7.08,7.126
1201214,1600,7.083,7.085,7.025,7.085
1201215,1600,7.1,7.105,7.0643,7.079
1201216,1600,7.066,7.066,7.0,7.049
1201217,1600,7.034,7.096,7.034,7.0565
1201218,1600,7.043,7.0537,7.007,7.013
1201221,1600,7.075,7.1,7.023,7.023
1201222,1600,7.069,7.07,7.03,7.066
1201223,1600,7.068,7.077,6.971,6.981
1201224,1600,7.023,7.033,7.009,7.027
1201229,1600,7.032,7.045,7.012,7.041
1201230,1600,7.032,7.042,7.0,7.0295
1201231,1600,7.051,7.06,7.045,7.058
1210104,1600,7.042,7.077,7.02,7.072
1210105,1600,7.051,7.051,6.996,6.996
1210106,1600,6.909,6.92,6.83,6.8355
1210107,1600,6.823,6.858,6.7859,6.801
1210108,1600,6.801,6.824,6.754,6.772
1210111,1600,6.804,6.811,6.748,6.759
1210112,1600,6.751,6.769,6.723,6.7295
1210113,1600,6.803,6.827,6.774,6.805
1210114,1600,6.824,6.846,6.811,6.833
1210115,1600,6.814,6.827,6.796,6.82
1210118,1600,6.847,6.847,6.801,6.817
1210119,1600,6.801,6.819,6.785,6.8215
1210120,1600,6.83,6.831,6.806,6.812
1210121,1600,6.846,6.846,6.77,6.7965
1210122,1600,6.809,6.826,6.768,6.794
1210125,1600,6.792,6.889,6.791,6.87
1210126,1600,6.888,6.888,6.854,6.869
1210127,1600,6.9,6.922,6.864,6.902
1210128,1600,6.957,6.957,6.851,6.845
1210129,1600,6.863,6.869,6.779,6.823
1210201,1600,6.801,6.83,6.764,6.82
1210202,1600,6.787,6.787,6.75,6.783
1210203,1600,6.759,6.765,6.735,6.7435
1210204,1600,6.712,6.723,6.679,6.697
1210205,1600,6.7,6.713,6.637,6.682
1210208,1600,6.63,6.683,6.611,6.6835
1210209,1600,6.677,6.711,6.677,6.7065
1210210,1600,6.641,6.715,6.641,6.7
1210211,1600,6.718,6.742,6.7,6.699
1210212,1600,6.68,6.694,6.615,6.637
1210215,1600,6.544,6.575,6.536,6.574
1210216,1600,6.547,6.616,6.487,6.501
1210217,1600,6.507,6.565,6.495,6.556
1210218,1600,6.556,6.556,6.477,6.525
1210219,1600,6.492,6.506,6.44,6.447
1210222,1600,6.35,6.449,6.35,6.421
1210223,1600,6.41,6.41,6.333,6.373
1210224,1600,6.383,6.391,6.251,6.312
1210225,1600,6.295,6.295,6.21,6.233
1210226,1600,6.208,6.332,6.2053,6.267
1210301,1600,6.347,6.379,6.288,6.31
1210302,1600,6.316,6.363,6.285,6.325
1210303,1600,6.317,6.325,6.2414,6.271
1210304,1600,6.295,6.305,6.272,6.272
1210305,1600,6.218,6.258,6.16,6.256
1210308,1600,6.21,6.256,6.2,6.219
1210309,1600,6.271,6.29,6.247,6.253
1210310,1600,6.268,6.282,6.246,6.2635
1210311,1600,6.29,6.314,6.233,6.244
1210312,1600,6.17,6.177,6.1,6.121
1210315,1600,6.117,6.156,6.105,6.15
1210316,1600,6.14,6.161,6.114,6.118
1210317,1600,6.128,6.128,6.045,6.065
1210318,1600,6.01,6.011,5.976,6.008
1210319,1600,6.061,6.094,6.019,6.0455
1210322,1600,6.11,6.122,6.084,6.122
1210323,1600,6.147,6.168,6.124,6.154
1210324,1600,6.205,6.2082,6.159,6.176
1210325,1600,6.191,6.228,6.183,6.183
1210326,1600,6.139,6.163,6.11,6.149
1210329,1600,6.166,6.174,6.103,6.111
1210330,1600,6.082,6.095,6.019,6.095
1210331,1600,6.119,6.136,6.106,6.128
1210401,1600,6.149,6.175,6.12,6.166
1210406,1600,6.17,6.209,6.157,6.209
1210407,1600,6.223,6.223,6.175,6.209
1210408,1600,6.171,6.209,6.164,6.193
1210409,1600,6.155,6.207,6.155,6.203
1210412,1600,6.199,6.219,6.17,6.184
1210413,1600,6.16,6.204,6.16,6.1845
1210414,1600,6.223,6.223,6.195,6.203
1210415,1600,6.216,6.335,6.215,6.32
1210416,1600,6.263,6.308,6.25,6.263
1210419,1600,6.301,6.311,6.232,6.311
1210420,1600,6.244,6.284,6.208,6.284
1210421,1600,6.273,6.292,6.259,6.268
1210422,1600,6.31,6.316,6.27,6.272
1210423,1600,6.307,6.334,6.279,6.296
1210426,1600,6.289,6.32,6.265,6.306
1210427,1600,6.285,6.297,6.275,6.275
1210428,1600,6.222,6.244,6.209,6.23
1210429,1600,6.217,6.224,6.177,6.206
1210430,1600,6.236,6.236,6.211,6.231
1210504,1600,6.246,6.316,6.237,6.282
1210505,1600,6.305,6.305,6.247,6.28
1210506,1600,6.292,6.317,6.28,6.309
1210507,1600,6.305,6.404,6.282,6.282
1210510,1600,6.236,6.272,6.236,6.251
1210511,1600,6.24,6.24,6.168,6.182
1210512,1600,6.204,6.204,6.128,6.134
1210513,1600,6.134,6.136,6.097,6.135
1210514,1600,6.131,6.166,6.126,6.156
1210517,1600,6.227,6.227,6.154,6.164
1210518,1600,6.147,6.168,6.133,6.145
1210519,1600,6.139,6.186,6.125,6.175
1210520,1600,6.138,6.189,6.136,6.174
1210521,1600,6.179,6.207,6.176,6.1935
1210524,1600,6.243,6.243,6.203,6.241
1210525,1600,6.246,6.261,6.239,6.2525
1210526,1600,6.266,6.299,6.264,6.29
1210527,1600,6.266,6.266,6.224,6.2325
1210528,1600,6.228,6.263,6.227,6.257
1210601,1600,6.211,6.24,6.196,6.213
1210602,1600,6.274,6.274,6.23,6.253
1210603,1600,6.25,6.264,6.23,6.235
1210604,1600,6.239,6.288,6.218,6.288
1210607,1600,6.292,6.303,6.276,6.301
1210608,1600,6.318,6.36,6.302,6.342
1210609,1600,6.352,6.418,6.342,6.3815
1210610,1600,6.405,6.406,6.331,6.3865
1210611,1600,6.405,6.449,6.4,6.4055
1210614,1600,6.4,6.426,6.373,6.373
1210615,1600,6.384,6.388,6.351,6.355
1210616,1600,6.354,6.388,6.354,6.3835
1210617,1600,6.38,6.454,6.368,6.4475
1210618,1600,6.456,6.57,6.456,6.55
1210621,1600,6.572,6.614,6.48,6.5055
1210622,1600,6.459,6.487,6.417,6.4495
1210623,1600,6.455,6.478,6.439,6.446
1210624,1600,6.47,6.482,6.442,6.4755
1210625,1600,6.461,6.486,6.403,6.417
1210628,1600,6.442,6.474,6.409,6.4715
1210629,1600,6.47,6.479,6.443,6.4705
1210630,1600,6.483,6.541,6.483,6.527
1210701,1600,6.522,6.523,6.472,6.489
1210702,1600,6.489,6.554,6.489,6.5325
1210705,1600,6.57,6.57,6.53,6.5285
1210706,1600,6.525,6.64,6.525,6.622
1210707,1600,6.618,6.714,6.616,6.667
1210708,1600,6.736,6.795,6.71,6.7095
1210709,1600,6.654,6.656,6.624,6.63
1210712,1600,6.65,6.673,6.621,6.6195
1210713,1600,6.623,6.656,6.605,6.6385
1210714,1600,6.579,6.626,6.579,6.617
1210715,1600,6.671,6.695,6.649,6.664
1210716,1600,6.671,6.694,6.657,6.676
1210719,1600,6.724,6.861,6.724,6.8325
1210720,1600,6.83,6.898,6.788,6.7915
1210721,1600,6.822,6.822,6.672,6.684
1210722,1600,6.708,6.757,6.679,6.757
1210723,1600,6.728,6.73,6.68,6.6905
1210726,1600,6.765,6.797,6.704,6.715
1210727,1600,6.705,6.76,6.705,6.759
1210728,1600,6.751,6.761,6.71,6.722
1210729,1600,6.74,6.752,6.7,6.733
1210730,1600,6.747,6.764,6.736,6.764
1210802,1600,6.77,6.82,6.722,6.82
1210803,1600,6.808,6.844,6.784,6.826
1210804,1600,6.818,6.866,6.78,6.8015
1210805,1600,6.824,6.85,6.795,6.795
1210806,1600,6.77,6.775,6.69,6.705
1210809,1600,6.71,6.721,6.678,6.687
1210810,1600,6.687,6.69,6.632,6.6345
1210811,1600,6.63,6.63,6.593,6.602
1210812,1600,6.635,6.635,6.6,6.621
1210813,1600,6.649,6.688,6.622,6.6915
1210816,1600,6.712,6.782,6.712,6.763
1210817,1600,6.775,6.779,6.733,6.733
1210818,1600,6.738,6.738,6.717,6.726
1210819,1600,6.798,6.83,6.785,6.802
1210820,1600,6.82,6.827,6.792,6.804
1210823,1600,6.795,6.805,6.775,6.7935
1210824,1600,6.772,6.794,6.76,6.777
1210825,1600,6.755,6.755,6.696,6.702
1210826,1600,6.691,6.703,6.68,6.701
1210827,1600,6.7,6.74,6.687,6.7305
1210831,1600,6.81,6.81,6.745,6.7425
1210901,1600,6.678,6.765,6.678,6.745
1210902,1600,6.756,6.767,6.741,6.757
1210903,1600,6.765,6.769,6.703,6.7125
1210906,1600,6.748,6.748,6.695,6.7075
1210907,1600,6.683,6.683,6.645,6.659
1210908,1600,6.694,6.709,6.68,6.6795
1210909,1600,6.707,6.732,6.7,6.726
1210910,1600,6.755,6.761,6.729,6.729
1210913,1600,6.738,6.767,6.738,6.767
1210914,1600,6.771,6.865,6.74,6.838
1210915,1600,6.83,6.86,6.811,6.811
1210916,1600,6.8,6.817,6.775,6.799
1210917,1600,6.806,6.814,6.741,6.752
1210920,1600,6.785,6.85,6.785,6.824
1210921,1600,6.816,6.841,6.797,6.8335
1210922,1600,6.819,6.85,6.813,6.8475
1210923,1600,6.852,6.871,6.79,6.735
1210924,1600,6.702,6.744,6.663,6.67
1210927,1600,6.627,6.661,6.588,6.6415
1210928,1600,6.61,6.61,6.513,6.561
1210929,1600,6.562,6.584,6.548,6.564
1210930,1600,6.533,6.565,6.51,6.511
1211001,1600,6.59,6.59,6.55,6.544
1211004,1600,6.591,6.6,6.537,6.5775
1211005,1600,6.578,6.584,6.51,6.5215
1211006,1600,6.472,6.558,6.454,6.554
1211007,1600,6.547,6.553,6.482,6.4885
1211008,1600,6.487,6.487,6.424,6.426
1211011,1600,6.415,6.431,6.4,6.4275
1211012,1600,6.452,6.496,6.44,6.477
1211013,1600,6.53,6.599,6.514,6.5685
1211014,1600,6.554,6.605,6.554,6.602
1211015,1600,6.589,6.589,6.555,6.573
1211018,1600,6.566,6.608,6.561,6.601
1211019,1600,6.609,6.609,6.534,6.5405
1211020,1600,6.504,6.538,6.491,6.4975
1211021,1600,6.527,6.527,6.45,6.473
1211022,1600,6.504,6.537,6.47,6.52
1211025,1600,6.519,6.542,6.489,6.5295
1211026,1600,6.527,6.563,6.527,6.541
1211027,1600,6.586,6.679,6.586,6.653
1211028,1600,6.657,6.727,6.657,6.678
1211029,1600,6.665,6.704,6.608,6.689
1211101,1600,6.688,6.688,6.6198,6.629
1211102,1600,6.653,6.696,6.64,6.679
1211103,1600,6.688,6.717,6.674,6.693
1211104,1600,6.6,6.675,6.594,6.666
1211105,1600,6.684,6.784,6.675,6.7605
1211108,1600,6.752,6.776,6.74,6.774
1211109,1600,6.78,6.877,6.78,6.873
1211110,1600,6.835,6.868,6.786,6.782
1211111,1600,6.73,6.756,6.722,6.7335
1211112,1600,6.743,6.75,6.706,6.7035
1211115,1600,6.724,6.729,6.627,6.631
1211116,1600,6.626,6.653,6.603,6.618
1211117,1600,6.587,6.599,6.561,6.5865
1211118,1600,6.656,6.665,6.63,6.6605
1211119,1600,6.636,6.734,6.626,6.733
1211122,1600,6.729,6.74,6.676,6.6835
1211123,1600,6.665,6.665,6.6,6.6105
1211124,1600,6.633,6.633,6.569,6.6255
1211125,1600,6.632,6.667,6.632,6.665
1211126,1600,6.826,6.826,6.742,6.81
1211129,1600,6.842,6.842,6.736,6.789
1211130,1600,6.838,6.884,6.827,6.873
1211201,1600,6.899,6.899,6.81,6.834
1211202,1600,6.894,6.955,6.887,6.933
1211203,1600,6.919,6.992,6.879,6.976
1211206,1600,6.994,7.018,6.97,6.974
1211207,1600,6.869,6.924,6.869,6.9185
1211208,1600,6.894,6.917,6.772,6.773
1211209,1600,6.787,6.8099,6.772,6.7945
1211210,1600,6.793,6.824,6.759,6.815
1211213,1600,6.755,6.866,6.755,6.8655
1211214,1600,6.865,6.87,6.789,6.846
1211215,1600,6.848,6.853,6.797,6.844
1211216,1600,6.793,6.819,6.744,6.767
1211217,1600,6.809,6.867,6.79,6.839
1211220,1600,6.892,6.905,6.838,6.838
1211221,1600,6.822,6.822,6.726,6.729
1211222,1600,6.785,6.816,6.766,6.808
1211223,1600,6.81,6.81,6.737,6.7545
1211224,1600,6.73,6.79,6.73,6.79
1211229,1600,6.76,6.76,6.665,6.671
1211230,1600,6.687,6.709,6.668,6.689
1211231,1600,6.702,6.743,6.7,6.743
1220104,1600,6.602,6.613,6.501,6.506
1220105,1600,6.557,6.569,6.5284,6.531
1220106,1600,6.483,6.497,6.457,6.489
1220107,1600,6.516,6.554,6.445,6.453
1220110,1600,6.446,6.476,6.437,6.455
1220111,1600,6.483,6.537,6.483,6.515
1220112,1600,6.527,6.56,6.514,6.524
1220113,1600,6.509,6.527,6.493,6.5185
1220114,1600,6.55,6.551,6.486,6.5
1220117,1600,6.441,6.446,6.426,6.437
1220118,1600,6.431,6.453,6.382,6.401
1220119,1600,6.369,6.416,6.359,6.416
1220120,1600,6.422,6.443,6.421,6.432
1220121,1600,6.481,6.55,6.481,6.5035
1220124,1600,6.526,6.573,6.526,6.552
1220125,1600,6.542,6.542,6.449,6.493
1220126,1600,6.5,6.5,6.458,6.466
1220127,1600,6.45,6.512,6.438,6.5075
1220128,1600,6.46,6.5,6.441,6.503
1220131,1600,6.546,6.546,6.469,6.4775
1220201,1600,6.478,6.533,6.431,6.439
1220202,1600,6.446,6.5193,6.446,6.5165
1220203,1600,6.48,6.49,6.387,6.4155
1220204,1600,6.428,6.468,6.329,6.348
1220207,1600,6.365,6.371,6.311,6.316
1220208,1600,6.308,6.34,6.283,6.301
1220209,1600,6.337,6.36,6.309,6.3325
1220210,1600,6.3,6.329,6.226,6.2225
1220211,1600,6.275,6.288,6.18,6.181
1220214,1600,6.277,6.337,6.212,6.2065
1220215,1600,6.243,6.243,6.168,6.183
1220216,1600,6.163,6.2,6.16,6.174
1220217,1600,6.196,6.269,6.19,6.248
1220218,1600,6.223,6.286,6.22,6.279
1220221,1600,6.26,6.316,6.255,6.2935
1220222,1600,6.357,6.363,6.264,6.295
1220223,1600,6.259,6.276,6.227,6.268
1220224,1600,6.307,6.388,6.262,6.269
1220225,1600,6.26,6.27,6.2,6.245
1220228,1600,6.296,6.333,6.273,6.319
1220301,1600,6.311,6.49,6.311,6.466
1220302,1600,6.489,6.489,6.339,6.353
1220303,1600,6.274,6.317,6.253,6.314
1220304,1600,6.339,6.42,6.328,6.419
1220307,1600,6.402,6.424,6.305,6.37
1220308,1600,6.326,6.348,6.261,6.284
1220309,1600,6.29,6.298,6.238,6.239
1220310,1600,6.222,6.222,6.114,6.121
1220311,1600,6.117,6.167,6.113,6.145
1220314,1600,6.119,6.119,6.03,6.03
1220315,1600,6.042,6.071,6.01,6.033
1220316,1600,5.968,6.034,5.9535,5.996
1220317,1600,6.069,6.125,6.03,6.049
1220318,1600,6.037,6.09,6.037,6.0605
1220321,1600,6.04,6.065,5.984,5.9905
1220322,1600,5.96,5.96,5.868,5.888
1220323,1600,5.868,5.909,5.85,5.904
1220324,1600,5.967,5.98,5.909,5.976
1220325,1600,5.963,5.992,5.837,5.884
1220328,1600,5.881,5.956,5.856,5.9115
1220329,1600,5.917,5.979,5.871,5.935
1220330,1600,5.967,6.015,5.927,6.013
1220331,1600,6.01,6.064,5.999,6.033
1220401,1600,5.989,6.032,5.9283,6.018
1220404,1600,6.028,6.047,5.974,5.996
1220405,1600,6.01,6.01,5.876,5.891
1220406,1600,5.853,5.853,5.772,5.8185
1220407,1600,5.855,5.869,5.74,5.7515
1220408,1600,5.808,5.808,5.708,5.7115
1220411,1600,5.671,5.7,5.629,5.6315
1220412,1600,5.599,5.699,5.588,5.6625
1220413,1600,5.599,5.669,5.572,5.6525
1220414,1600,5.646,5.667,5.54,5.561
1220419,1600,5.5,5.5,5.426,5.46
1220420,1600,5.446,5.518,5.4401,5.495
1220421,1600,5.541,5.55,5.46,5.485
1220422,1600,5.471,5.543,5.471,5.5085
1220425,1600,5.554,5.582,5.53,5.568
1220426,1600,5.544,5.621,5.54,5.6065
1220427,1600,5.605,5.605,5.533,5.5315
1220428,1600,5.533,5.547,5.468,5.505
1220429,1600,5.493,5.545,5.45,5.4835
1220503,1600,5.396,5.464,5.37,5.442
1220504,1600,5.448,5.448,5.374,5.409
1220505,1600,5.413,5.419,5.25,5.247
1220506,1600,5.296,5.305,5.21,5.231
1220509,1600,5.18,5.214,5.118,5.214
1220510,1600,5.263,5.35,5.24,5.345
1220511,1600,5.36,5.36,5.205,5.3325
1220512,1600,5.45,5.462,5.382,5.417
1220513,1600,5.371,5.403,5.325,5.344
1220516,1600,5.376,5.376,5.3,5.345
1220517,1600,5.315,5.315,5.245,5.258
1220518,1600,5.255,5.309,5.22,5.309
1220519,1600,5.324,5.444,5.324,5.401
1220520,1600,5.362,5.416,5.343,5.41
1220523,1600,5.394,5.413,5.356,5.356
1220524,1600,5.374,5.468,5.365,5.466
1220525,1600,5.448,5.483,5.43,5.464
1220526,1600,5.482,5.484,5.397,5.423
1220527,1600,5.475,5.487,5.427,5.487
1220530,1600,5.409,5.417,5.379,5.3985
1220531,1600,5.365,5.404,5.331,5.337
1220601,1600,5.334,5.376,5.317,5.324
1220606,1600,5.324,5.324,5.228,5.233
1220607,1600,5.23,5.294,5.23,5.29
1220608,1600,5.274,5.278,5.242,5.273
1220609,1600,5.25,5.263,5.207,5.231
1220610,1600,5.278,5.331,5.197,5.1965
1220613,1600,5.197,5.197,5.06,5.076
1220614,1600,5.101,5.142,4.9825,5.051
1220615,1600,5.07,5.078,5.015,5.02
1220616,1600,5.063,5.083,4.953,5.071
1220617,1600,5.107,5.167,5.1,5.166
1220620,1600,5.141,5.147,5.078,5.08
1220621,1600,5.07,5.095,5.043,5.085
1220622,1600,5.128,5.192,5.117,5.172
1220623,1600,5.172,5.276,5.172,5.2525
1220624,1600,5.251,5.277,5.164,5.18
1220627,1600,5.138,5.156,5.1,5.121
1220628,1600,5.121,5.125,5.074,5.108
1220629,1600,5.178,5.208,5.14,5.208
1220630,1600,5.228,5.298,5.228,5.295
1220701,1600,5.3,5.401,5.238,5.339
1220704,1600,5.313,5.496,5.253,5.2825
1220705,1600,5.27,5.383,5.248,5.3815
1220706,1600,5.382,5.41,5.293,5.2955
1220707,1600,5.298,5.3,5.2488,5.253
1220708,1600,5.252,5.261,5.159,5.159
1220711,1600,5.218,5.275,5.184,5.2555
1220712,1600,5.285,5.337,5.2846,5.315
1220713,1600,5.267,5.332,5.204,5.298
1220714,1600,5.349,5.349,5.268,5.318
1220715,1600,5.4,5.4,5.301,5.347
1220718,1600,5.368,5.368,5.2556,5.2715
1220719,1600,5.278,5.293,5.23,5.2655
1220720,1600,5.264,5.315,5.255,5.264
1220721,1600,5.254,5.369,5.21,5.34
1220722,1600,5.368,5.474,5.359,5.445
1220725,1600,5.414,5.42,5.355,5.392
1220726,1600,5.42,5.487,5.42,5.4335
1220727,1600,5.408,5.4703,5.388,5.429
1220728,1600,5.358,5.466,5.336,5.454
1220729,1600,5.414,5.463,5.355,5.463
1220801,1600,5.41,5.51,5.384,5.506
1220802,1600,5.552,5.589,5.4546,5.4995
1220803,1600,5.454,5.457,5.358,5.4085
1220804,1600,5.476,5.512,5.45,5.4755
1220805,1600,5.477,5.485,5.338,5.346
1220808,1600,5.389,5.448,5.388,5.4285
1220809,1600,5.455,5.4636,5.41,5.438
1220810,1600,5.43,5.501,5.4,5.41
1220811,1600,5.408,5.449,5.312,5.3205
1220812,1600,5.28,5.311,5.255,5.3
1220815,1600,5.314,5.373,5.304,5.356
1220816,1600,5.352,5.352,5.268,5.312
1220817,1600,5.334,5.334,5.278,5.2775
1220818,1600,5.275,5.3245,5.275,5.3135
1220819,1600,5.251,5.264,5.192,5.1975
1220822,1600,5.226,5.233,5.17,5.17
1220823,1600,5.206,5.226,5.15,5.2155
1220824,1600,5.178,5.194,5.125,5.15
1220825,1600,5.135,5.1589,5.111,5.17
1220826,1600,5.164,5.218,5.156,5.2235
1220830,1600,5.217,5.239,5.167,5.196
1220831,1600,5.213,5.217,5.164,5.202
1220901,1600,5.135,5.138,5.03,5.046
1220902,1600,5.089,5.099,5.032,5.071
1220905,1600,5.076,5.076,5.03,5.068
1220906,1600,5.051,5.073,4.967,4.9935
1220907,1600,4.957,5.01,4.956,5.01
1220908,1600,5.061,5.075,5.008,5.029
1220909,1600,4.9975,5.032,4.98,5.008
1220912,1600,5.001,5.041,4.998,5.002
1220913,1600,4.98,4.9955,4.86,4.928
1220914,1600,4.9615,4.99,4.93,4.99
1220915,1600,4.964,5.0,4.9505,4.9785
1220916,1600,4.9655,4.9848,4.92,4.9505
1220920,1600,4.948,4.9555,4.8665,4.895
1220921,1600,4.918,4.943,4.91,4.9145
1220922,1600,4.958,4.997,4.839,4.8535
1220923,1600,4.859,4.876,4.784,4.84
1220926,1600,4.817,4.8655,4.811,4.853
1220927,1600,4.8015,4.8155,4.6925,4.6995
1220928,1600,4.645,4.801,4.6235,4.801
1220929,1600,4.806,4.806,4.718,4.7845
1220930,1600,4.828,4.8665,4.773,4.7795
1221003,1600,4.752,4.842,4.7395,4.832
1221004,1600,4.8445,4.8495,4.779,4.807
1221005,1600,4.783,4.7835,4.7045,4.749
1221006,1600,4.729,4.7635,4.6975,4.7302
1221007,1600,4.719,4.739,4.6465,4.681
1221010,1600,4.6665,4.68,4.573,4.5827
1221011,1600,4.598,4.65,4.58,4.6345
1221012,1600,4.631,4.631,4.5825,4.6275
1221013,1600,4.627,4.676,4.539,4.602
1221014,1600,4.6405,4.6595,4.551,4.552
1221017,1600,4.577,4.614,4.57,4.594
1221018,1600,4.542,4.5585,4.492,4.4985
1221019,1600,4.508,4.521,4.4795,4.4802
1221020,1600,4.45,4.4645,4.424,4.4313
1221021,1600,4.37,4.3765,4.28,4.314
1221024,1600,4.365,4.3715,4.256,4.2892
1221025,1600,4.324,4.4015,4.3045,4.3995
1221026,1600,4.4375,4.4705,4.416,4.4623
1221027,1600,4.454,4.532,4.43,4.532
1221028,1600,4.57,4.57,4.45,4.495
1221031,1600,4.472,4.4805,4.4465,4.4587
1221101,1600,4.473,4.5355,4.4665,4.489
1221102,1600,4.499,4.5095,4.4765,4.5052
1221103,1600,4.445,4.4635,4.3965,4.441
1221104,1600,4.425,4.4435,4.3695,4.398
1221107,1600,4.382,4.4215,4.3485,4.366
1221108,1600,4.329,4.3895,4.32,4.3785
1221109,1600,4.39,4.4065,4.3495,4.4
1221110,1600,4.3875,4.5325,4.377,4.5237
1221111,1600,4.521,4.5705,4.505,4.5315
1221114,1600,4.527,4.5485,4.508,4.514
1221115,1600,4.5345,4.6,4.5305,4.591
1221116,1600,4.5765,4.6693,4.572,4.65
1221117,1600,4.692,4.7135,4.63,4.6597
1221118,1600,4.66,4.679,4.6375,4.635
1221121,1600,4.641,4.6795,4.6275,4.663
1221122,1600,4.658,4.6975,4.646,4.6863
1221123,1600,4.694,4.7705,4.694,4.7533
1221124,1600,4.787,4.821,4.7775,4.8065
1221125,1600,4.8045,4.8095,4.7525,4.756
1221128,1600,4.822,4.83,4.774,4.7768
1221129,1600,4.8,4.8185,4.732,4.776
1221130,1600,4.738,4.76,4.708,4.7203
1221201,1600,4.793,4.866,4.79,4.838
1221202,1600,4.899,4.9185,4.83,4.902
1221205,1600,4.9685,4.978,4.888,4.912
1221206,1600,4.913,4.9755,4.9125,4.9505
1221207,1600,4.979,5.067,4.96,5.038
1221208,1600,5.087,5.1,5.039,5.077
1221209,1600,5.078,5.081,4.9835,4.9913
1221212,1600,5.002,5.02,4.97,4.97
1221213,1600,4.98,5.0757,4.9585,5.044
1221214,1600,5.04,5.043,4.9792,4.9977
1221215,1600,5.024,5.073,4.9975,5.065
1221216,1600,5.024,5.024,4.9555,5.001
1221219,1600,4.979,4.9835,4.897,4.901
1221220,1600,4.8485,4.8545,4.8065,4.8065
1221221,1600,4.825,4.8655,4.812,4.82
1221222,1600,4.862,4.8725,4.822,4.834
1221223,1600,4.819,4.8315,4.7945,4.8025
1221228,1600,4.699,4.7115,4.6315,4.6378
1221229,1600,4.673,4.683,4.6375,4.6765
1221230,1600,4.68,4.7005,4.66,4.7005
1230103,1600,4.684,4.7645,4.669,4.7193
1230104,1600,4.794,4.821,4.777,4.7945
1230105,1600,4.793,4.7995,4.7435,4.796
1230106,1600,4.801,4.8913,4.7785,4.8755
1230109,1600,4.854,4.9275,4.85,4.9185
1230110,1600,4.908,4.9235,4.83,4.83
1230111,1600,4.875,4.9075,4.874,4.899
1230112,1600,4.948,4.957,4.85,4.93
1230113,1600,4.9905,5.02,4.9605,4.9967
1230116,1600,4.9545,4.974,4.926,4.9315
1230117,1600,4.927,4.9685,4.9,4.9488
1230118,1600,4.983,5.065,4.969,5.0115
1230119,1600,5.067,5.08,5.018,5.03
1230120,1600,5.02,5.026,4.9495,4.95
1230123,1600,4.946,4.963,4.91,4.9315
1230124,1600,4.9425,4.989,4.91,4.9843
1230125,1600,5.002,5.026,4.9775,4.9785
1230126,1600,5.001,5.01,4.95,4.97
1230127,1600,4.96,4.979,4.9325,4.979
1230130,1600,4.983,4.99,4.9445,4.958
1230131,1600,4.975,4.987,4.933,4.9645
1230201,1600,4.99,5.026,4.937,4.9897
1230202,1600,5.042,5.107,5.037,5.093
1230203,1600,5.077,5.077,4.957,4.975
1230206,1600,4.991,4.992,4.93,4.96
1230207,1600,4.956,4.956,4.909,4.943
1230208,1600,4.938,4.938,4.8765,4.884
1230209,1600,4.926,4.9775,4.926,4.964
1230210,1600,5.0,5.086,4.8345,4.841
1230213,1600,4.83,4.8785,4.8175,4.8502
1230214,1600,4.8845,4.9215,4.8235,4.8238
1230215,1600,4.8685,4.883,4.8105,4.812
1230216,1600,4.8285,4.8285,4.7485,4.774
1230217,1600,4.722,4.7605,4.7015,4.7415
1230220,1600,4.7585,4.777,4.751,4.7653
1230221,1600,4.763,4.7665,4.684,4.717
1230222,1600,4.7145,4.746,4.6835,4.732
1230223,1600,4.7345,4.7785,4.7054,4.7785
1230224,1600,4.78,4.78,4.7245,4.731
1230227,1600,4.733,4.748,4.688,4.7147
1230228,1600,4.72,4.726,4.688,4.723
1230301,1600,4.722,4.7545,4.68,4.694
1230302,1600,4.68,4.6885,4.634,4.6345
1230303,1600,4.681,4.745,4.68,4.73
1230306,1600,4.73,4.8175,4.73,4.761
1230307,1600,4.758,4.781,4.726,4.769
1230308,1600,4.751,4.82,4.746,4.789
1230309,1600,4.753,4.778,4.7375,4.753
1230310,1600,4.85,4.9475,4.8165,4.9015
1230313,1600,4.9195,5.1,4.8895,5.0065
1230314,1600,4.9815,5.036,4.86,4.89
1230315,1600,4.88,5.043,4.865,5.015
1230316,1600,4.966,5.058,4.9176,4.9548
1230317,1600,4.9565,5.046,4.9415,5.003
1230320,1600,5.065,5.084,4.9655,4.986
1230321,1600,4.964,4.9685,4.88,4.91
1230322,1600,4.9155,4.937,4.871,4.9348
1230323,1600,4.962,4.9685,4.907,4.9385
1230324,1600,4.965,5.037,4.947,4.9893
1230327,1600,4.986,5.002,4.9105,4.926
1230328,1600,4.896,4.9145,4.8705,4.894
1230329,1600,4.889,4.8975,4.848,4.8767
1230330,1600,4.901,4.9135,4.8695,4.9
1230331,1600,4.8995,4.946,4.8865,4.946
1230403,1600,4.94,5.027,4.9205,5.027
1230404,1600,5.002,5.052,4.9665,5.0465
1230405,1600,5.038,5.087,5.032,5.07
1230406,1600,5.074,5.108,5.072,5.1015
1230411,1600,5.11,5.12,5.003,5.0145
1230412,1600,5.026,5.061,4.988,5.0215
1230413,1600,5.021,5.043,4.992,4.9955
1230414,1600,4.978,4.983,4.927,4.927
1230417,1600,4.936,4.9395,4.8695,4.882
1230418,1600,4.88,4.9085,4.8639,4.8945
1230419,1600,4.877,4.881,4.851,4.859
1230420,1600,4.9145,4.9325,4.8975,4.932
1230421,1600,4.94,4.955,4.895,4.901
1230424,1600,4.9155,4.9535,4.9155,4.9485
1230425,1600,4.9645,5.026,4.9645,5.008
1230426,1600,5.01,5.033,4.988,5.0
1230427,1600,4.9755,4.9755,4.9115,4.9193
1230428,1600,4.95,4.9945,4.935,4.9897
1230502,1600,4.98,4.98,4.8865,4.9627
1230503,1600,4.976,5.018,4.97,5.0155
1230504,1600,4.99,5.01,4.9405,4.998
1230505,1600,4.9525,4.9555,4.899,4.9135
1230509,1600,4.9,4.9,4.865,4.872
1230510,1600,4.8625,4.923,4.857,4.889
1230511,1600,4.914,4.973,4.904,4.929
1230512,1600,4.935,4.9555,4.9193,4.9355
1230515,1600,4.892,4.8955,4.855,4.8675
1230516,1600,4.885,4.8873,4.805,4.813
1230517,1600,4.851,4.864,4.834,4.8365
1230518,1600,4.835,4.8445,4.7905,4.8003
1230519,1600,4.801,4.8125,4.751,4.79
1230522,1600,4.7885,4.799,4.742,4.7475
1230523,1600,4.7465,4.7575,4.717,4.732
1230524,1600,4.7465,4.7885,4.7369,4.7605
1230525,1600,4.7275,4.749,4.7105,4.726
1230526,1600,4.726,4.7415,4.7075,4.7188
1230530,1600,4.7825,4.8075,4.7665,4.8028
1230531,1600,4.815,4.8355,4.798,4.8282
1230601,1600,4.821,4.89,4.812,4.859
1230602,1600,4.872,4.876,4.8285,4.836
1230605,1600,4.791,4.8355,4.7605,4.817
1230606,1600,4.81,4.835,4.7865,4.8155
1230607,1600,4.85,4.85,4.788,4.788
1230608,1600,4.758,4.801,4.736,4.7925
1230609,1600,4.806,4.8195,4.783,4.8117
1230612,1600,4.81,4.845,4.774,4.7917
1230613,1600,4.818,4.8605,4.7775,4.784
1230614,1600,4.791,4.8135,4.7715,4.8135
1230615,1600,4.7985,4.884,4.791,4.857
1230616,1600,4.838,4.869,4.82,4.8485
1230619,1600,4.85,4.8545,4.795,4.7977
1230620,1600,4.816,4.8955,4.815,4.8825
1230621,1600,4.866,4.8865,4.831,4.8425
1230622,1600,4.878,4.888,4.8297,4.8415
1230623,1600,4.832,4.905,4.83,4.875
1230626,1600,4.9005,4.9245,4.875,4.8965
1230627,1600,4.875,4.9085,4.852,4.8525
1230628,1600,4.8675,4.8975,4.851,4.873
1230629,1600,4.8665,4.878,4.79,4.815
1230630,1600,4.7935,4.8515,4.7795,4.8495
1230703,1600,4.85,4.8895,4.8275,4.8455
1230704,1600,4.8405,4.851,4.821,4.8405
1230705,1600,4.8325,4.852,4.801,4.805
1230706,1600,4.7795,4.782,4.7075,4.715
1230707,1600,4.738,4.7415,4.68,4.7065
1230710,1600,4.682,4.7035,4.6575,4.7
1230711,1600,4.7225,4.7345,4.699,4.7035
1230712,1600,4.736,4.767,4.717,4.764
1230713,1600,4.778,4.8095,4.7765,4.8055
1230714,1600,4.808,4.837,4.7977,4.812
1230717,1600,4.8115,4.8325,4.7785,4.785
1230718,1600,4.812,4.8325,4.805,4.826
1230719,1600,4.8435,4.86,4.819,4.8295
1230720,1600,4.855,4.8651,4.8095,4.8135
1230721,1600,4.8215,4.8465,4.8115,4.8362
1230724,1600,4.8145,4.8485,4.803,4.8105
1230725,1600,4.7955,4.8035,4.7725,4.8035
1230726,1600,4.797,4.816,4.78,4.801
1230727,1600,4.809,4.809,4.7308,4.742
1230728,1600,4.715,4.7315,4.676,4.7215
1230731,1600,4.7225,4.74,4.7038,4.7345
1230801,1600,4.7355,4.7365,4.6565,4.6595
1230802,1600,4.6665,4.6665,4.58,4.584
1230803,1600,4.5835,4.584,4.488,4.5075
1230804,1600,4.517,4.568,4.4985,4.56
1230807,1600,4.5695,4.5745,4.5315,4.5535
1230808,1600,4.6005,4.6285,4.5915,4.603
1230809,1600,4.6005,4.6195,4.579,4.613
1230810,1600,4.6085,4.6525,4.59,4.5967
1230811,1600,4.558,4.558,4.5165,4.536
1230814,1600,4.528,4.5475,4.505,4.5315
1230815,1600,4.5075,4.5208,4.47,4.512
1230816,1600,4.509,4.511,4.472,4.4915
1230817,1600,4.441,4.4455,4.417,4.4295
1230818,1600,4.4785,4.4805,4.433,4.4633
1230821,1600,4.418,4.428,4.382,4.383
1230822,1600,4.3915,4.4225,4.3915,4.416
1230823,1600,4.46,4.505,4.45,4.4935
1230824,1600,4.5415,4.549,4.5005,4.5145
1230825,1600,4.501,4.534,4.487,4.523
1230829,1600,4.542,4.57,4.5,4.5595
1230830,1600,4.5595,4.58,4.54,4.574
1230831,1600,4.577,4.6,4.574,4.597
1230901,1600,4.574,4.6215,4.5145,4.5195
1230904,1600,4.5165,4.5165,4.503,4.5085
1230905,1600,4.495,4.501,4.4595,4.4645
1230906,1600,4.462,4.4855,4.4526,4.461
1230907,1600,4.4705,4.4835,4.4605,4.4705
1230908,1600,4.5035,4.521,4.4712,4.4985
1230911,1600,4.4705,4.4795,4.4525,4.4635
1230912,1600,4.4615,4.488,4.4565,4.4655
1230913,1600,4.474,4.4825,4.445,4.4755
1230914,1600,4.495,4.5005,4.455,4.4585
1230915,1600,4.4585,4.4585,4.4275,4.44
1230918,1600,4.4255,4.44,4.418,4.435
1230919,1600,4.445,4.4525,4.42,4.4375
1230920,1600,4.431,4.455,4.4235,4.4465
1230921,1600,4.4,4.404,4.322,4.322
1230922,1600,4.3175,4.358,4.311,4.358
1230925,1600,4.331,4.332,4.265,4.271
1230926,1600,4.249,4.2935,4.2385,4.2535
1230927,1600,4.2625,4.2795,4.2152,4.2285
1230928,1600,4.209,4.2155,4.15,4.1945
1230929,1600,4.229,4.2645,4.22,4.237
1231002,1600,4.203,4.2135,4.1595,4.165
1231003,1600,4.156,4.171,4.081,4.081
1231004,1600,4.024,4.121,4.02,4.1065
1231005,1600,4.1085,4.121,4.079,4.0995
1231006,1600,4.093,4.102,3.9925,4.081
1231009,1600,4.1055,4.182,4.0585,4.1045
1231010,1600,4.12,4.1475,4.088,4.142
1231011,1600,4.156,4.2275,4.1555,4.2155
1231012,1600,4.2445,4.2525,4.1594,4.1655
1231013,1600,4.1555,4.2075,4.144,4.173
1231016,1600,4.16,4.29,4.11,4.1235
1231017,1600,4.0955,4.1095,4.0375,4.0755
1231018,1600,4.0655,4.078,4.0095,4.0245
1231019,1600,4.0135,4.036,3.9805,4.011
1231020,1600,3.9865,3.9955,3.9325,3.9855
1231023,1600,3.9515,4.032,3.9125,4.032
1231024,1600,4.0615,4.0705,4.0185,4.0295
1231025,1600,4.065,4.065,3.9955,3.9995
1231026,1600,3.9585,4.0105,3.954,4.007
1231027,1600,4.0285,4.0365,4.01,4.0198
1231030,1600,4.1,4.1,3.979,4.0025
1231031,1600,4.055,4.071,4.025,4.0325
1231101,1600,3.9965,4.09,3.9895,4.057
1231102,1600,4.0935,4.1885,4.09,4.1425
1231103,1600,4.1675,4.281,4.1645,4.234
1231106,1600,4.2015,4.2055,4.1615,4.1655
1231107,1600,4.165,4.226,4.1635,4.2185
1231108,1600,4.214,4.279,4.208,4.2735
1231109,1600,4.298,4.2995,4.2395,4.2435
1231110,1600,4.227,4.2395,4.1845,4.228
1231113,1600,4.208,4.2195,4.167,4.2065
1231114,1600,4.22,4.3215,4.2095,4.303
1231115,1600,4.306,4.313,4.245,4.2495
1231116,1600,4.285,4.3145,4.268,4.2855
1231117,1600,4.302,4.344,4.2985,4.301
1231120,1600,4.3085,4.317,4.288,4.3085
1231121,1600,4.3645,4.3715,4.328,4.345
1231122,1600,4.353,4.3775,4.335,4.3565
1231123,1600,4.362,4.369,4.328,4.335
1231124,1600,4.322,4.3315,4.3025,4.316
1231127,1600,4.3205,4.35,4.3015,4.3365
1231128,1600,4.378,4.3825,4.348,4.381
1231129,1600,4.424,4.439,4.3935,4.4175
1231130,1600,4.447,4.45,4.395,4.406
1231201,1600,4.4005,4.7,4.3845,4.4352
1231204,1600,4.4675,4.473,4.4333,4.4345
1231205,1600,4.4835,4.549,4.4685,4.5435
1231206,1600,4.5495,4.6105,4.534,4.598
1231207,1600,4.5785,4.603,4.57,4.5975
1231208,1600,4.587,4.587,4.501,4.5245
1231211,1600,4.5325,4.5395,4.509,4.5175
1231212,1600,4.57,4.59,4.5215,4.5445
1231213,1600,4.576,4.589,4.56,4.588
1231214,1600,4.7005,4.763,4.687,4.763
1231215,1600,4.7555,4.7925,4.7335,4.7835
1231218,1600,4.78,4.8025,4.7305,4.7475
1231219,1600,4.776,4.793,4.767,4.7765
1231220,1600,4.787,4.805,4.76,4.7655
1231221,1600,4.7925,4.8245,4.78,4.7975
1231222,1600,4.7805,4.808,4.775,4.8025
1231227,1600,4.784,4.826,4.7835,4.8235
1231228,1600,4.8415,4.8535,4.8205,4.827
1231229,1600,4.8185,4.8195,4.7667,4.78
1240102,1600,4.741,4.763,4.7105,4.7495
1240103,1600,4.738,4.738,4.688,4.725
1240104,1600,4.748,4.7575,4.692,4.7055
1240105,1600,4.678,4.7155,4.629,4.6855
1240108,1600,4.644,4.6995,4.6285,4.6925
1240109,1600,4.666,4.685,4.642,4.666
1240110,1600,4.671,4.693,4.6543,4.6555
1240111,1600,4.6745,4.7,4.6165,4.6235
1240112,1600,4.669,4.6955,4.6435,4.6727
1240115,1600,4.6485,4.6525,4.63,4.6475
1240116,1600,4.6335,4.6405,4.584,4.6035
1240117,1600,4.575,4.606,4.5445,4.576
1240118,1600,4.576,4.586,4.5301,4.5425
1240119,1600,4.526,4.5435,4.505,4.528
1240122,1600,4.556,4.59,4.5485,4.5775
1240123,1600,4.562,4.562,4.512,4.5155
1240124,1600,4.5475,4.567,4.52,4.523
1240125,1600,4.5285,4.5463,4.5085,4.5435
1240126,1600,4.5455,4.554,4.514,4.5385
1240129,1600,4.5545,5.0,4.5435,4.561
1240130,1600,4.6075,4.622,4.576,4.5925
1240131,1600,4.644,4.6785,4.618,4.661
1240201,1600,4.665,4.776,4.665,4.7635
1240202,1600,4.7335,4.7515,4.6365,4.638
1240205,1600,4.63,4.636,4.5525,4.5573
1240206,1600,4.571,4.5955,4.5535,4.5932
1240207,1600,4.5945,4.6105,4.5725,4.5945
1240208,1600,4.5825,4.5845,4.5362,4.5425
1240209,1600,4.5475,4.5765,4.526,4.5455
1240212,1600,4.5565,4.5645,4.529,4.535
1240213,1600,4.538,4.594,4.482,4.4985
1240214,1600,4.4885,4.506,4.4605,4.4895
1240215,1600,4.5225,4.541,4.5075,4.511
1240216,1600,4.5045,4.507,4.474,4.485
1240219,1600,4.4835,4.489,4.471,4.4728
1240220,1600,4.4815,4.5135,4.4815,4.511
1240221,1600,4.4905,4.5075,4.48,4.4875
1240222,1600,4.4715,4.4945,4.453,4.487
1240223,1600,4.4835,4.543,4.473,4.543
1240226,1600,4.57,4.575,4.5265,4.5265
1240227,1600,4.5365,4.5495,4.512,4.5205
1240228,1600,4.517,4.5305,4.5015,4.51
1240229,1600,4.5235,4.5685,4.5015,4.563
1240301,1600,4.5515,4.59,4.52,4.575
1240304,1600,4.577,4.587,4.551,4.563
1240305,1600,4.5895,4.652,4.581,4.627
1240306,1600,4.618,4.6545,4.6025,4.6435
1240307,1600,4.66,4.7075,4.6475,4.656
1240308,1600,4.6675,4.6895,4.635,4.6485
1240311,1600,4.6705,4.68,4.641,4.6525
1240312,1600,4.653,4.67,4.605,4.6145
1240313,1600,4.621,4.63,4.576,4.5805
1240314,1600,4.5835,4.593,4.5135,4.526
1240315,1600,4.5275,4.547,4.51,4.5265
1240318,1600,4.526,4.526,4.5,4.505
1240319,1600,4.5055,4.5241,4.502,4.508
1240320,1600,4.5285,4.535,4.5195,4.534
1240321,1600,4.5435,4.5504,4.506,4.524
1240322,1600,4.537,4.5835,4.5365,4.57
1240325,1600,4.57,4.5735,4.5419,4.5455
1240326,1600,4.5525,4.564,4.5329,4.5525
1240327,1600,4.5605,4.592,4.5545,4.589
1240328,1600,4.6095,4.6195,4.58,4.6085
1240402,1600,4.55,4.5545,4.4515,4.4765
1240403,1600,4.4875,4.491,4.438,4.465
1240404,1600,4.4745,4.52,4.465,4.4955
1240405,1600,4.5055,4.525,4.45,4.4695
1240408,1600,4.4345,4.465,4.418,4.4555
1240409,1600,4.47,4.498,4.4585,4.4925
1240410,1600,4.4935,4.512,4.41,4.431
1240411,1600,4.3995,4.413,4.363,4.3695
1240412,1600,4.384,4.4345,4.379,4.412
1240415,1600,4.3775,4.39,4.314,4.3295
1240416,1600,4.3235,4.3295,4.2795,4.312
1240417,1600,4.3125,4.3405,4.3045,4.33
1240418,1600,4.355,4.366,4.3295,4.3345
1240419,1600,4.3305,4.38,4.33,4.3485
1240422,1600,4.3275,4.342,4.316,4.338
1240423,1600,4.3415,4.366,4.317,4.3492
1240424,1600,4.327,4.3315,4.288,4.3012
1240425,1600,4.3005,4.3185,4.259,4.2785
1240426,1600,4.297,4.3265,4.2905,4.3045
1240429,1600,4.325,4.342,4.3105,4.33
1240430,1600,4.336,4.3415,4.303,4.3155
1240501,1600,4.3315,4.339,4.296,4.3228
1240502,1600,4.3385,4.3505,4.3035,4.328
1240503,1600,4.34,4.419,4.3375,4.3865
1240507,1600,4.4245,4.462,4.417,4.457
1240508,1600,4.429,4.44,4.4125,4.4215
1240509,1600,4.4055,4.413,4.3875,4.4105
1240510,1600,4.4385,4.445,4.403,4.408
1240513,1600,4.4145,4.4385,4.41,4.4245
1240514,1600,4.425,4.447,4.4,4.4255
1240515,1600,4.4595,4.5133,4.45,4.502
1240516,1600,4.51,4.5405,4.5037,4.514
1240517,1600,4.509,4.519,4.478,4.4805
1240520,1600,4.4735,4.4795,4.447,4.456
1240521,1600,4.457,4.492,4.4535,4.474
1240522,1600,4.453,4.489,4.453,4.481
1240523,1600,4.5,4.5,4.444,4.4515
1240524,1600,4.457,4.7185,4.445,4.4625
1240528,1600,4.471,4.4815,4.436,4.436
1240529,1600,4.393,4.3975,4.35,4.35
1240530,1600,4.3685,4.401,4.3625,4.399
1240531,1600,4.3935,4.437,4.385,4.4245
1240603,1600,4.427,4.492,4.4255,4.488
1240604,1600,4.5,4.5549,4.486,4.534
1240605,1600,4.534,4.5845,4.5295,4.5815
1240606,1600,4.5775,4.581,4.555,4.572
1240607,1600,4.5725,4.6015,4.487,4.5062
1240610,1600,4.475,4.4855,4.457,4.458
1240611,1600,4.4705,4.4915,4.4665,4.4735
1240612,1600,4.5,4.592,4.5,4.586
1240613,1600,4.5565,4.595,4.5415,4.5785
1240614,1600,4.603,4.662,4.603,4.662
1240617,1600,4.628,4.6365,4.58,4.5855
1240618,1600,4.613,4.626,4.5855,4.6245
1240619,1600,4.65,4.6595,4.6302,4.6435
1240620,1600,4.633,4.633,4.585,4.596
1240621,1600,4.605,4.652,4.597,4.6095
1240624,1600,4.6095,4.6255,4.595,4.6085
1240625,1600,4.6425,4.6555,4.617,4.6213
1240626,1600,4.618,4.621,4.573,4.58
1240627,1600,4.5725,4.6225,4.552,4.5955
1240628,1600,4.6175,4.6175,4.5379,4.5525
1240701,1600,4.505,4.505,4.4305,4.4395
1240702,1600,4.4595,4.4745,4.441,4.449
1240703,1600,4.45,4.5285,4.45,4.52
1240704,1600,4.5505,4.5515,4.5,4.507
1240705,1600,4.5275,4.565,4.51,4.553
1240708,1600,4.541,4.573,4.532,4.5555
1240709,1600,4.556,4.5655,4.525,4.535
1240710,1600,4.555,4.572,4.545,4.5555
1240711,1600,4.561,4.642,4.5555,4.619
1240712,1600,4.6,4.6155,4.5845,4.6095
1240715,1600,4.5945,4.598,4.5585,4.5905
1240716,1600,4.598,4.6251,4.59,4.62
1240717,1600,4.6265,4.648,4.6165,4.6425
1240718,1600,4.643,4.65,4.614,4.6265
1240719,1600,4.623,4.626,4.575,4.588
1240722,1600,4.6175,4.6175,4.57,4.571
1240723,1600,4.5655,4.588,4.5605,4.5785
1240724,1600,4.5715,4.5775,4.5417,4.5685
1240725,1600,4.5265,4.58,4.526,4.5685
1240726,1600,4.5485,4.59,4.537,4.574
1240729,1600,4.588,4.6235,4.588,4.609
1240730,1600,4.61,4.624,4.5915,4.6125
1240731,1600,4.62,4.671,4.618,4.6675
1240801,1600,4.687,4.7425,4.6775,4.717
1240802,1600,4.744,4.8445,4.74,4.834
1240805,1600,4.9,4.945,4.85,4.872
1240806,1600,4.8435,4.868,4.7864,4.815
1240807,1600,4.7845,4.7935,4.743,4.7575
1240808,1600,4.76,4.776,4.7,4.71
1240809,1600,4.73,4.7745,4.7235,4.765
1240812,1600,4.752,4.773,4.7425,4.7705
1240813,1600,4.7805,4.815,4.7625,4.802
1240814,1600,4.814,4.8485,4.805,4.8485
1240815,1600,4.858,4.8615,4.7585,4.781
1240816,1600,4.8,4.8365,4.7985,4.803
1240819,1600,4.8215,4.849,4.8135,4.838
1240820,1600,4.8325,4.875,4.825,4.8682
1240821,1600,4.88,4.9005,4.855,4.887
1240822,1600,4.88,4.887,4.83,4.832
1240823,1600,4.8505,4.88,4.835,4.866
1240827,1600,4.8625,4.866,4.8165,4.836
1240828,1600,4.851,4.868,4.837,4.8565
1240829,1600,4.85,4.8625,4.807,4.818
1240830,1600,4.84,4.8485,4.7881,4.8275
1240902,1600,4.773,4.785,4.761,4.782
1240903,1600,4.7825,4.8635,4.7825,4.844
1240904,1600,4.863,4.893,4.8445,4.874
1240905,1600,4.9,4.94,4.897,4.9225
1240906,1600,4.951,4.9995,4.9225,4.9965
1240909,1600,4.93,4.9554,4.9075,4.9525
1240910,1600,4.962,4.993,4.9385,4.9805
1240911,1600,5.017,5.03,4.968,5.011
1240912,1600,4.9835,5.003,4.957,4.957
1240913,1600,4.9915,5.005,4.9625,4.9775
1240916,1600,4.9915,5.015,4.981,5.014
1240917,1600,5.02,5.05,5.012,5.018
1240918,1600,5.01,5.013,4.9615,4.97
1240919,1600,4.96,4.961,4.896,4.9158
1240920,1600,4.931,4.95,4.8975,4.906
1240923,1600,4.894,4.906,4.8605,4.883
1240924,1600,4.883,4.893,4.8485,4.884
1240925,1600,4.8975,4.9095,4.8576,4.87
1240926,1600,4.8755,4.882,4.8375,4.8445
1240927,1600,4.865,4.9,4.8625,4.8835
1240930,1600,4.8775,4.899,4.86,4.8725
1241001,1600,4.8725,4.9455,4.8725,4.9205
1241002,1600,4.9195,4.9195,4.835,4.8565
1241003,1600,4.8555,4.8605,4.826,4.844
1241004,1600,4.82,4.836,4.74,4.7745
1241007,1600,4.762,4.7695,4.7205,4.7345
1241008,1600,4.732,4.7435,4.6935,4.719
1241009,1600,4.732,4.7445,4.7065,4.7195
1241010,1600,4.6995,4.721,4.661,4.6725
1241011,1600,4.69,4.7025,4.649,4.683
1241014,1600,4.6645,4.665,4.625,4.6525
1241015,1600,4.68,4.721,4.674,4.714
1241016,1600,4.766,4.7715,4.734,4.7585
1241017,1600,4.731,4.7395,4.6685,4.675
1241018,1600,4.65,4.696,4.6435,4.696
1241021,1600,4.6745,4.6745,4.6068,4.619
1241022,1600,4.575,4.6175,4.5625,4.5935
1241023,1600,4.58,4.59,4.563,4.5858
1241024,1600,4.6085,4.623,4.5765,4.612
1241025,1600,4.65,4.65,4.605,4.613
1241028,1600,4.5575,4.6,4.554,4.569
1241029,1600,4.5745,4.5765,4.5305,4.5415
1241030,1600,4.59,4.6445,4.5655,4.633
1241031,1600,4.612,4.6205,4.5775,4.602
1241101,1600,4.5935,4.642,4.5488,4.5635
1241104,1600,4.5985,4.6255,4.5845,4.6045
1241105,1600,4.6035,4.6195,4.576,4.586
1241106,1600,4.526,4.544,4.465,4.4928
1241107,1600,4.498,4.56,4.4915,4.5485
1241108,1600,4.567,4.629,4.567,4.598
1241111,1600,4.599,4.612,4.5805,4.5967
1241112,1600,4.6,4.6045,4.5555,4.5555
1241113,1600,4.53,4.582,4.4819,4.522
1241114,1600,4.5,4.54,4.4805,4.528
1241115,1600,4.52,4.53,4.47,4.483
1241118,1600,4.494,4.504,4.456,4.48
1241119,1600,4.515,4.567,4.5095,4.53
1241120,1600,4.505,4.53,4.4965,4.5265
1241121,1600,4.5245,4.541,4.5,4.509
1241122,1600,4.516,4.541,4.503,4.5165
1241125,1600,4.568,4.6185,4.5545,4.6108
1241126,1600,4.6105,4.6215,4.5889,4.5975
1241127,1600,4.6295,4.65,4.618,4.65
1241128,1600,4.63,4.6525,4.63,4.644
1241129,1600,4.65,4.69,4.65,4.683
1241202,1600,4.6815,4.7165,4.665,4.713
1241203,1600,4.685,4.7185,4.6705,4.686
1241204,1600,4.6525,4.6975,4.6365,4.6925
1241205,1600,4.7085,4.72,4.696,4.7085
1241206,1600,4.727,4.755,4.715,4.726
1241209,1600,4.7275,4.7395,4.694,4.694
1241210,1600,4.69,4.6975,4.655,4.673
1241211,1600,4.6635,4.6745,4.637,4.6495
1241212,1600,4.6065,4.632,4.578,4.5985
1241213,1600,4.581,4.581,4.5249,4.5425
1241216,1600,4.533,4.558,4.515,4.526
1241217,1600,4.5105,4.5535,4.509,4.5505
1241218,1600,4.55,4.5555,4.5215,4.5385
1241219,1600,4.469,4.4985,4.41,4.4375
1241220,1600,4.407,4.4685,4.407,4.459
1241223,1600,4.44,4.4465,4.418,4.4285
1241224,1600,4.4,4.419,4.3893,4.4045
1241227,1600,4.3965,4.419,4.385,4.4085
1241230,1600,4.3995,4.433,4.39,4.4185
1241231,1600,4.446,4.46,4.4039,4.447
1250102,1600,4.4155,4.452,4.404,4.4115
1250103,1600,4.46,4.46,4.401,4.4035
1250106,1600,4.382,4.4105,4.3635,4.3795
1250107,1600,4.372,4.3765,4.317,4.317
1250108,1600,4.329,4.336,4.29,4.328
1250109,1600,4.323,4.359,4.32,4.3425
1250110,1600,4.3265,4.34,4.26,4.311
1250113,1600,4.3,4.319,4.283,4.293
1250114,1600,4.3125,4.3195,4.277,4.287
1250115,1600,4.307,4.3795,4.293,4.35
1250116,1600,4.37,4.3858,4.3465,4.374
1250117,1600,4.383,4.42,4.383,4.385
1250120,1600,4.3895,4.415,4.36,4.39
1250121,1600,4.418,4.437,4.409,4.43
1250122,1600,4.412,4.4335,4.4065,4.4135
1250123,1600,4.41,4.4135,4.361,4.3773
1250124,1600,4.38,4.3965,4.363,4.381
1250127,1600,4.416,4.4645,4.416,4.4385
1250128,1600,4.4375,4.4375,4.4125,4.421
1250129,1600,4.4495,4.4625,4.4279,4.443
1250130,1600,4.47,4.4785,4.44,4.451
1250131,1600,4.431,4.469,4.4305,4.4425
1250203,1600,4.44,4.5035,4.43,4.4675
1250204,1600,4.446,4.4535,4.405,4.452
1250205,1600,4.459,4.547,4.459,4.541
1250206,1600,4.5385,4.559,4.525,4.532
1250207,1600,4.535,4.5715,4.4915,4.5175
1250210,1600,4.5175,4.523,4.4935,4.5005
1250211,1600,4.4885,4.4945,4.4635,4.4695
1250212,1600,4.46,4.4735,4.388,4.401
1250213,1600,4.404,4.4745,4.404,4.463
1250214,1600,4.4715,4.5295,4.462,4.529
1250217,1600,4.4935,4.502,4.4755,4.5
1250218,1600,4.45,4.4935,4.45,4.481
1250219,1600,4.4425,4.4615,4.4305,4.457
1250220,1600,4.475,4.485,4.4525,4.4745
1250221,1600,4.4845,4.5327,4.475,4.514
1250224,1600,4.5165,4.5515,4.504,4.535
1250225,1600,4.575,4.6195,4.557,4.614
1250226,1600,4.6055,4.634,4.5805,4.628
1250227,1600,4.629,4.639,4.6045,4.616
1250228,1600,4.646,4.654,4.613,4.6315
1250303,1600,4.6395,4.681,4.6215,4.6795
1250304,1600,4.678,4.704,4.6346,4.6815
1250305,1600,4.6215,4.6505,4.595,4.627
1250306,1600,4.542,4.608,4.5405,4.5555
1250307,1600,4.577,4.633,4.55,4.5975
1250310,1600,4.5775,4.6465,4.5705,4.6205
1250311,1600,4.6445,4.65,4.58,4.594
1250312,1600,4.5955,4.5955,4.5515,4.563
1250313,1600,4.554,4.5881,4.531,4.568
1250314,1600,4.584,4.5865,4.5495,4.5775
1250317,1600,4.58,4.6215,4.568,4.612
1250318,1600,4.5875,4.598,4.56,4.5915
1250319,1600,4.6175,4.6175,4.5865,4.596
1250320,1600,4.62,4.6785,4.62,4.6435
1250321,1600,4.6025,4.647,4.599,4.6025
1250324,1600,4.5855,4.5855,4.5501,4.5725
1250325,1600,4.536,4.5717,4.517,4.569
1250326,1600,4.553,4.554,4.516,4.528
1250327,1600,4.5105,4.5155,4.485,4.4945
1250328,1600,4.5305,4.5775,4.5305,4.566
1250331,1600,4.613,4.63,4.586,4.6055
1250401,1600,4.6295,4.6765,4.623,4.6645
1250402,1600,4.65,4.702,4.6425,4.655
1250403,1600,4.71,4.726,4.6755,4.692
1250404,1600,4.744,4.7995,4.7285,4.758
1250407,1600,4.772,4.7935,4.55,4.612
1250408,1600,4.5875,4.627,4.537,4.561
1250409,1600,4.423,4.478,4.3505,4.394
1250410,1600,4.485,4.524,4.4322,4.4545
1250411,1600,4.414,4.4465,4.324,4.3565
1250414,1600,4.4175,4.4635,4.394,4.4385
1250415,1600,4.456,4.47,4.425,4.4615
1250416,1600,4.4825,4.4995,4.4525,4.488
1250417,1600,4.4785,4.5008,4.461,4.461
1250422,1600,4.3755,4.4225,4.365,4.42
1250423,1600,4.45,4.53,4.446,4.4685
1250424,1600,4.4535,4.498,4.4515,4.48
1250425,1600,4.522,4.53,4.495,4.5105
1250428,1600,4.5245,4.5475,4.502,4.5345
1250429,1600,4.544,4.5765,4.5281,4.5705
1250430,1600,4.5865,4.615,4.522,4.5645
1250501,1600,4.58,4.6045,4.513,4.528
1250502,1600,4.54,4.545,4.441,4.483
1250506,1600,4.4455,4.455,4.4215,4.441
1250507,1600,4.459,4.5025,4.459,4.4825
1250508,1600,4.483,4.502,4.4538,4.484
1250509,1600,4.445,4.4605,4.42,4.4585
1250512,1600,4.419,4.4555,4.403,4.4165
1250513,1600,4.406,4.419,4.376,4.3775
1250514,1600,4.391,4.409,4.3654,4.37
1250515,1600,4.37,4.3965,4.343,4.3925
1250516,1600,4.444,4.4565,4.4035,4.413
1250519,1600,4.3395,4.3765,4.3155,4.368
1250520,1600,4.39,4.4198,4.348,4.3765
1250521,1600,4.3695,4.3695,4.2914,4.3345
1250522,1600,4.32,4.32,4.241,4.2995
1250523,1600,4.3025,4.36,4.3025,4.312
1250527,1600,4.3785,4.395,4.348,4.379
1250528,1600,4.363,4.388,4.343,4.35
1250529,1600,4.34,4.3975,4.325,4.394
1250530,1600,4.41,4.4195,4.3865,4.404
1250602,1600,4.3815,4.3995,4.351,4.351
1250603,1600,4.38,4.397,4.3584,4.37
1250604,1600,4.358,4.4418,4.3535,4.4245
1250605,1600,4.426,4.47,4.4104,4.432
1250606,1600,4.4315,4.4495,4.3865,4.399
1250609,1600,4.37,4.392,4.3585,4.385
1250610,1600,4.4035,4.42,4.385,4.393
1250611,1600,4.3875,4.4205,4.37,4.3955
1250612,1600,4.425,4.469,4.4025,4.456
1250613,1600,4.4805,4.4845,4.4191,4.4195
1250616,1600,4.41,4.431,4.3915,4.414
1250617,1600,4.3825,4.4295,4.3825,4.4195
1250618,1600,4.4215,4.4685,4.408,4.457
1250619,1600,4.437,4.4495,4.4105,4.4495
1250620,1600,4.463,4.4705,4.402,4.4305
1250623,1600,4.4215,4.4765,4.413,4.4765
1250624,1600,4.4635,4.48,4.42,4.468
1250625,1600,4.485,4.499,4.45,4.4675
1250626,1600,4.4895,4.514,4.4705,4.484
1250627,1600,4.4955,4.519,4.48,4.501
1250630,1600,4.4935,4.512,4.49,4.5045
1250701,1600,4.54,4.566,4.516,4.5215
1250702,1600,4.521,4.533,4.4825,4.504
1250703,1600,4.531,4.545,4.472,4.485
1250704,1600,4.4965,4.524,4.475,4.475
1250707,1600,4.476,4.48,4.433,4.4375
1250708,1600,4.426,4.43,4.3952,4.4095
1250709,1600,4.4225,4.4495,4.415,4.4455
1250710,1600,4.4705,4.4855,4.453,4.465
1250711,1600,4.4585,4.465,4.4226,4.43
1250714,1600,4.43,4.43,4.39,4.39
1250715,1600,4.402,4.428,4.373,4.3755
1250716,1600,4.3755,4.41,4.3295,4.3295
1250717,1600,4.357,4.4035,4.349,4.3975
1250718,1600,4.3925,4.407,4.381,4.3935
1250721,1600,4.4225,4.451,4.402,4.45
1250722,1600,4.434,4.4655,4.4005,4.455
1250723,1600,4.4235,4.445,4.4205,4.4315
1250724,1600,4.4295,4.439,4.4,4.4375
1250725,1600,4.439,4.4452,4.41,4.43
1250728,1600,4.443,4.47,4.4165,4.4245
1250729,1600,4.425,4.48,4.416,4.478
1250730,1600,4.48,4.5,4.4595,4.4615
1250731,1600,4.482,4.5,4.477,4.494
1250801,1600,4.465,4.541,4.443,4.531
1250804,1600,4.512,4.5475,4.5005,4.546
1250805,1600,4.55,4.57,4.5325,4.567
1250806,1600,4.555,4.555,4.5202,4.5435
1250807,1600,4.534,4.564,4.528,4.56
1250808,1600,4.538,4.538,4.505,4.5075
1250811,1600,4.522,4.539,4.514,4.522
1250812,1600,4.523,4.5465,4.472,4.4835
1250813,1600,4.5,4.539,4.4835,4.535
1250814,1600,4.544,4.565,4.503,4.503
1250815,1600,4.504,4.5095,4.474,4.4805
1250818,1600,4.475,4.495,4.445,4.445
1250819,1600,4.453,4.4775,4.444,4.4755
1250820,1600,4.4775,4.4915,4.455,4.481
1250821,1600,4.482,4.4895,4.4535,4.4575
1250822,1600,4.4565,4.5315,4.4545,4.5095
1250826,1600,4.4655,4.493,4.4525,4.4665
1250827,1600,4.4665,4.484,4.4445,4.4635
1250828,1600,4.4815,4.5075,4.48,4.5005
1250829,1600,4.503,4.5075,4.466,4.4735
1250901,1600,4.477,4.478,4.444,4.463
1250902,1600,4.463,4.4705,4.4215,4.4365
1250903,1600,4.4275,4.495,4.42,4.492
1250904,1600,4.4995,4.5385,4.4925,4.508
1250905,1600,4.5355,4.5911,4.524,4.5895
1250908,1600,4.595,4.645,4.59,4.6366
1250909,1600,4.6455,4.6495,4.6165,4.6285
1250910,1600,4.6215,4.65,4.601,4.643
1250911,1600,4.6445,4.694,4.641,4.677
1250912,1600,4.674,4.688,4.646,4.646
1250915,1600,4.65,4.69,4.6435,4.6855
1250916,1600,4.682,4.696,4.663,4.6765
1250917,1600,4.6955,4.715,4.69,4.7005
1250918,1600,4.6875,4.6995,4.613,4.628
1250919,1600,4.6185,4.6455,4.6092,4.6105
1250922,1600,4.6155,4.629,4.5975,4.6005
1250923,1600,4.623,4.625,4.5975,4.6055
1250924,1600,4.6415,4.6515,4.6115,4.625
1250925,1600,4.625,4.6325,4.5925,4.596
1250926,1600,4.609,4.64,4.6,4.6195
1250929,1600,4.6385,4.6556,4.6315,4.6375
1250930,1600,4.6625,4.6755,4.6425,4.654
1251001,1600,4.6335,4.6745,4.6115,4.64
1251002,1600,4.644,4.6675,4.638,4.661
1251003,1600,4.6685,4.7,4.65,4.66
1251006,1600,4.6355,4.6535,4.6085,4.6285
1251007,1600,4.6225,4.649,4.6075,4.649
1251008,1600,4.6595,4.677,4.65,4.6625
1251009,1600,4.6545,4.673,4.638,4.6485
1251010,1600,4.664,4.71,4.652,4.707
1251013,1600,4.7045,4.716,4.681,4.689
1251014,1600,4.7315,4.7535,4.709,4.721
1251015,1600,4.7415,4.755,4.7285,4.7475
1251016,1600,4.7495,4.7495,4.7105,4.734
1251017,1600,4.7665,4.785,4.7325,4.7505
1251020,1600,4.746,4.767,4.73,4.7615
1251021,1600,4.77,4.8035,4.7685,4.7925
1251022,1600,4.7925,4.81,4.7815,4.7895
1251023,1600,4.783,4.793,4.7615,4.7645
1251024,1600,4.7599,4.7599,4.7599,4.7599
1251027,1600,4.73,4.7725,4.721,4.7695
1251028,1600,4.775,4.8,4.775,4.7875
1251029,1600,4.797,4.8,4.775,4.7785
1251030,1600,4.7645,4.7645,4.7025,4.7245
1251031,1600,4.7,4.725,4.6845,4.7075
1251103,1600,4.7015,4.731,4.662,4.683
1251104,1600,4.684,4.709,4.684,4.7015
1251105,1600,4.717,4.7235,4.652,4.6535
1251106,1600,4.656,4.696,4.6535,4.6945
1251107,1600,4.6845,4.6975,4.6665,4.696
1251110,1600,4.64,4.6875,4.64,4.6735
1251111,1600,4.6735,4.709,4.6645,4.703
1251112,1600,4.7,4.716,4.6805,4.7145
1251113,1600,4.72,4.72,4.6875,4.6955
1251114,1600,4.661,4.7075,4.6525,4.6575
1251117,1600,4.65,4.674,4.646,4.668
1251118,1600,4.66,4.6795,4.6495,4.6495
1251119,1600,4.6455,4.669,4.6445,4.66
1251120,1600,4.65,4.674,4.633,4.668
1251121,1600,4.6795,4.7,4.5208,4.667
1251124,1600,4.685,4.704,4.682,4.6965
1251125,1600,4.7035,4.7345,4.698,4.7345
1251126,1600,4.7225,4.7345,4.6955,4.7225
1251127,1600,4.723,4.7495,4.72,4.739
1251128,1600,4.75,4.75,4.696,4.707
1251201,1600,4.71,4.71,4.6535,4.6605
1251202,1600,4.672,4.672,4.642,4.657
1251203,1600,4.6715,4.6785,4.654,4.659
1251204,1600,4.663,4.672,4.6435,4.6515
1251205,1600,4.65,4.6535,4.62,4.622
1251208,1600,4.621,4.646,4.5945,4.6
1251209,1600,4.6015,4.639,4.6015,4.621
1251210,1600,4.62,4.6384,4.601,4.6305
1251211,1600,4.627,4.6615,4.6205,4.645
1251212,1600,4.618,4.622,4.572,4.572
1251215,1600,4.596,4.613,4.5885,4.6015
1251216,1600,4.6,4.61,4.5725,4.6
1251217,1600,4.6025,4.618,4.5855,4.6085
1251218,1600,4.613,4.6372,4.605,4.6365
1251219,1600,4.594,4.6265,4.594,4.615
1251222,1600,4.5965,4.61,4.5905,4.603
1251223,1600,4.614,4.6265,4.585,4.609
1251224,1600,4.6185,4.6295,4.6015,4.6155
1251229,1600,4.6395,4.6495,4.623,4.637
1251230,1600,4.636,4.915,4.616,4.6385
1251231,1600,4.636,4.6495,4.6205,4.646
1260102,1600,4.64,4.64,4.576,4.5945
1260105,1600,4.5935,4.6085,4.58,4.6
1260106,1600,4.592,4.6035,4.58,4.5835
1260107,1600,4.6045,4.6465,4.601,4.628
1260108,1600,4.625,4.6285,4.5955,4.6065
1260109,1600,4.6065,4.633,4.591,4.62
1260112,1600,4.606,4.622,4.593,4.6155
1260113,1600,4.61,4.6345,4.6005,4.618
1260114,1600,4.6295,4.657,4.6175,4.657
1260115,1600,4.659,4.6745,4.6475,4.6595
1260116,1600,4.65,4.6585,4.628,4.6395
1260119,1600,4.608,4.614,4.582,4.593
1260120,1600,4.5675,4.5835,4.5495,4.5755
1260121,1600,4.576,4.5905,4.551,4.5845
1260122,1600,4.606,4.622,4.5915,4.6
1260123,1600,4.6025,4.65,4.6025,4.626
1260126,1600,4.647,4.662,4.639,4.647
1260127,1600,4.65,4.657,4.6295,4.6385
1260128,1600,4.619,4.6265,4.602,4.6085
1260129,1600,4.591,4.622,4.5875,4.6065
1260130,1600,4.583,4.6095,4.573,4.604
1260202,1600,4.609,4.629,4.58,4.589
1260203,1600,4.5765,4.58,4.5655,4.5725
1260204,1600,4.5825,4.5965,4.5715,4.5825
1260205,1600,4.5755,4.6245,4.5705,4.6155
1260206,1600,4.6275,4.63,4.61,4.617
1260209,1600,4.6115,4.6245,4.5905,4.6175
1260210,1600,4.6375,4.6835,4.637,4.6795
1260211,1600,4.684,4.6945,4.6415,4.668
1260212,1600,4.6675,4.7005,4.66,4.693
1260213,1600,4.703,4.75,4.7,4.7435
1260216,1600,4.75,4.77,4.745,4.7565
1260217,1600,4.7595,4.776,4.749,4.7555
1260218,1600,4.745,4.7728,4.7395,4.7505
1260219,1600,4.72,4.738,4.72,4.7365
1260220,1600,4.74,4.7545,4.7075,4.727
1260223,1600,4.7345,4.7565,4.723,4.7565
1260224,1600,4.7425,4.762,4.7425,4.761
1260225,1600,4.7475,4.762,4.74,4.762
1260226,1600,4.753,4.7765,4.7495,4.7705
1260227,1600,4.77,4.8035,4.7645,4.8035
1260302,1600,4.7955,4.781,4.748,4.754
1260303,1600,4.7385,4.75,4.713,4.746
1260304,1600,4.736,4.7485,4.711,4.745
1260305,1600,4.705,4.73,4.7,4.7035
1260306,1600,4.71,4.729,4.674,4.6975
1260309,1600,4.6765,4.7195,4.664,4.719
1260310,1600,4.7345,4.745,4.6944,4.721
1260311,1600,4.678,4.6965,4.629,4.6405
1260312,1600,4.62,4.6315,4.608,4.623
1260313,1600,4.6,4.6285,4.592,4.596
1260316,1600,4.6075,4.6385,4.598,4.62
1260317,1600,4.6195,4.649,4.614,4.649
1260318,1600,4.6565,4.6715,4.6255,4.6365
1260319,1600,4.667,4.667,4.599,4.648
1260320,1600,4.6395,4.645,4.5548,4.5715
1260323,1600,4.549,4.633,4.539,4.573
1260324,1600,4.58,4.5885,4.542,4.576
1260325,1600,4.589,4.6175,4.5885,4.607
1260326,1600,4.585,4.599,4.571,4.576
1260327,1600,4.556,4.5715,4.53,4.5675
1260330,1600,4.5735,4.611,4.5695,4.611
1260331,1600,4.6035,4.625,4.5955,4.603
1260401,1600,4.634,4.6435,4.5945,4.6235
1260402,1600,4.578,4.63,4.569,4.622
1260407,1600,4.606,4.6295,4.578,4.5945
1260408,1600,4.6425,4.675,4.6315,4.651
1260409,1600,4.6315,4.639,4.605,4.625
1260410,1600,4.622,4.6285,4.607,4.615
1260413,1600,4.596,4.6205,4.5825,4.6035
1260414,1600,4.6315,4.6425,4.619,4.639
1260415,1600,4.6555,4.659,4.6267,4.6285
1260416,1600,4.6315,4.64,4.6106,4.6145
1260417,1600,4.596,4.658,4.596,4.647
1260420,1600,4.6325,4.647,4.6215,4.6385
1260421,1600,4.64,4.65,4.613,4.6255
1260422,1600,4.6235,4.645,4.617,4.638
1260423,1600,4.614,4.641,4.6055,4.6385
1260424,1600,4.6215,4.6375,4.5985,4.6175
1260427,1600,4.613,4.6192,4.6,4.603
1260428,1600,4.586,4.5995,4.5775,4.5905
1260429,1600,4.6,4.6185,4.57,4.5755
1260430,1600,4.5665,4.585,4.557,4.578
1260501,1600,4.572,4.604,4.5615,4.585
1260505,1600,4.551,4.5715,4.544,4.568
1260506,1600,4.5905,4.623,4.585,4.6075
1260507,1600,4.6185,4.646,4.5903,4.599
1260508,1600,4.5935,4.617,4.588,4.607
1260511,1600,4.5925,4.5995,4.584,4.592
1260512,1600,4.572,4.592,4.549,4.555
1260513,1600,4.5565,4.5755,4.53,4.5345
1260514,1600,4.541,4.569,4.539,4.5635
1260515,1600,4.505,4.5245,4.4775,4.4825
1260518,1600,4.4685,4.495,4.4635,4.4755
1260519,1600,4.462,4.4755,4.4305,4.4425
1260520,1600,4.447,4.5055,4.4425,4.49
1260521,1600,4.483,4.5,4.4645,4.4735
1260522,1600,4.5055,4.5355,4.5,4.5125
1260526,1600,4.55,4.5795,4.5405,4.5555
1260527,1600,4.57,4.5835,4.5585,4.57
1260528,1600,4.5545,4.5925,4.55,4.58
1260529,1600,4.5965,4.6141,4.5778,4.598
1260601,1600,4.5865,4.598,4.5565,4.5705
1260602,1600,4.609,4.6266,4.5965,4.608
1260603,1600,4.591,4.595,4.5765,4.5785
1260604,1600,4.5935,4.6095,4.5825,4.6005
1260605,1600,4.5955,4.605,4.5615,4.576
1260608,1600,4.5575,4.587,4.551,4.5605
1260609,1600,4.5585,4.5705,4.5515,4.557
1260610,1600,4.5675,4.5921,4.56,4.5785
1260611,1600,4.5645,4.5915,4.563,4.585
1260612,1600,4.615,4.6305,4.5865,4.605
1260615,1600,4.6295,4.634,4.604,4.614
1260616,1600,4.613,4.6325,4.6025,4.628
1260617,1600,4.6325,4.645,4.6285,4.6445
1260618,1600,4.661,4.69,4.6605,4.6705
1260619,1600,4.6515,4.66,4.6194,4.6335
1260622,1600,4.6,4.6593,4.6,4.6315
1260623,1600,4.6345,4.6425,4.625,4.638
1260624,1600,4.6375,4.6992,4.6325,4.695
1260625,1600,4.6945,4.723,4.6875,4.7
1260626,1600,4.698,4.7045,4.67,4.693
1260629,1600,4.696,4.7115,4.685,4.695
1260630,1600,4.7035,4.7294,4.6715,4.677
1260701,1600,4.6275,4.6505,4.6005,4.6215
1260702,1600,4.6085,4.625,4.5995,4.6225
1260703,1600,4.607,4.63,4.5958,4.6035
1260706,1600,4.613,4.629,4.595,4.5995
1260707,1600,4.5925,4.6115,4.576,4.579
1260708,1600,4.5555,4.5661,4.5345,4.5345
1260709,1600,4.552,4.5668,4.5335,4.556
1260710,1600,4.57,4.575,4.55,4.565
1260713,1600,4.5515,4.555,4.529,4.539
1260714,1600,4.527,4.5695,4.522,4.5435
1260715,1600,4.524,4.5625,4.512,4.551
1260716,1600,4.539,4.539,4.5091,4.532
1260717,1600,4.5515,4.5755,4.551,4.569
1260720,1600,4.5455,4.5595,4.532,4.5335
1260721,1600,4.5315,4.5397,4.501,4.519
1260722,1600,4.501,4.5212,4.4977,4.5115
1260723,1600,4.498,4.5065,4.4715,4.4775
1260724,1600,4.483,4.5135,4.48,4.5125
1260727,1600,4.5225,4.537,4.505,4.5165
1260728,1600,4.5315,4.546,4.5205,4.544
1260729,1600,4.544,4.5475,4.5255,4.5295
1260730,1600,4.452,4.478,4.442,4.4625
1260731,1600,4.4795,4.4925,4.4196,4.43
1260803,1600,4.4505,4.4785,4.44,4.4545
1260804,1600,4.452,4.4817,4.436,4.481
1260805,1600,4.509,4.5172,4.4855,4.497
1260806,1600,4.495,4.5094,4.4607,4.48
1260807,1600,4.466,4.4995,4.4448,4.4775
1260810,1600,4.4785,4.485,4.4489,4.4505
1260811,1600,4.4345,4.469,4.422,4.452
1260812,1600,4.4605,4.4745,4.45,4.4585
1260813,1600,4.4545,4.4965,4.451,4.4745
1260814,1600,4.462,4.4722,4.4355,4.439
1260817,1600,4.4455,4.464,4.4105,4.423
1260818,1600,4.401,4.4255,4.3905,4.414
1260819,1600,4.438,4.4995,4.4225,4.488
1260820,1600,4.495,4.498,4.4455,4.453
1260821,1600,4.456,4.4705,4.44,4.4475
1260824,1600,4.4685,4.48,4.456,4.4765
1260825,1600,4.48,4.5175,4.4695,4.5175
1260826,1600,4.5095,4.5355,4.501,4.5095
1260827,1600,4.5175,4.525,4.4943,4.5105
1260828,1600,4.5,4.529,4.4815,4.51
1260901,1600,4.452,4.4805,4.438,4.4675
1260902,1600,4.4375,4.468,4.4315,4.4535
1260903,1600,4.4695,4.4885,4.4555,4.484
1260904,1600,4.47,4.486,4.4555,4.4725
1260907,1600,4.464,4.4785,4.4535,4.464
1260908,1600,4.4615,4.495,4.449,4.476
1260909,1600,4.4665,4.4878,4.4265,4.444
1260910,1600,4.45,4.4525,4.4,4.4075
1260911,1600,4.3975,4.4295,4.368,4.4235
1260914,1600,4.3995,4.412,4.3765,4.412
1260915,1600,4.378,4.3955,4.3655,4.3945
1260916,1600,4.397,4.416,4.383,4.4125
1260917,1600,4.418,4.4486,4.4105,4.4445
1260918,1600,4.456,4.4625,4.4105,4.4205
1260921,1600,4.441,4.4564,4.433,4.445
